x,FL,FR,RL,RR
0.04000000100000278,0.02006658725440502,0.02009202539920807,0.02045322023332119,0.02019135095179081
0.04000000100000278,0.02006658725440502,0.02009202539920807,0.02045322023332119,0.02019135095179081
0.04000000100000278,0.02006658725440502,0.02009202539920807,0.02045322023332119,0.02019135095179081
0.04000000100000278,0.020192991942167282,0.020774025470018387,0.019735725596547127,0.02056615613400936
0.08000000100000193,0.019941171631217003,0.02057822048664093,0.01951482705771923,0.020062720403075218
0.08000000100000193,0.02015344426035881,0.01976974494755268,0.020141202956438065,0.02006462961435318
0.08000000100000193,0.019959013909101486,0.02010463923215866,0.020044326782226562,0.019461646676063538
0.08000000100000193,0.019799524918198586,0.02058619074523449,0.01965351030230522,0.019549759104847908
0.08000000100000193,0.019799524918198586,0.02058619074523449,0.01965351030230522,0.019549759104847908
0.10000000000000142,0.020349046215415,0.02022974006831646,0.020305009558796883,0.020263738930225372
0.10000000000000142,0.020125893875956535,0.020507486537098885,0.01932378299534321,0.02059498429298401
0.10000000000000142,0.020709320902824402,0.020487288013100624,0.01920408010482788,0.020651014521718025
0.12000000100000108,0.0198687594383955,0.019895154982805252,0.020559092983603477,0.020094051957130432
0.12000000100000108,0.0198687594383955,0.019895154982805252,0.020559092983603477,0.020094051957130432
0.12000000100000108,0.01973877102136612,0.01986776851117611,0.02023380808532238,0.02019420824944973
0.14000000000000057,0.02040817029774189,0.019935142248868942,0.020070726051926613,0.019747193902730942
0.14000000000000057,0.0195369403809309,0.01967683620750904,0.019778035581111908,0.02075451798737049
0.14000000000000057,0.019740797579288483,0.020016511902213097,0.020549235865473747,0.020671047270298004
0.16000000100000022,0.020109644159674644,0.020171258598566055,0.019260045140981674,0.019264625385403633
0.16000000100000022,0.01973681151866913,0.019398953765630722,0.019459722563624382,0.019298531115055084
0.18000000100000335,0.01930936425924301,0.019844742491841316,0.020356856286525726,0.0202009417116642
0.18000000100000335,0.01931607350707054,0.020277472212910652,0.019590144976973534,0.020072540268301964
0.20000000000000284,0.019433623179793358,0.020421214401721954,0.01974342204630375,0.020169520750641823
0.20000000000000284,0.020643893629312515,0.020327327772974968,0.02076755091547966,0.019686231389641762
0.2200000010000025,0.019893042743206024,0.020287590101361275,0.019584709778428078,0.02020779252052307
0.240000000000002,0.019438577815890312,0.01993032917380333,0.019579213112592697,0.02061641402542591
0.240000000000002,0.02060362882912159,0.020029980689287186,0.020329926162958145,0.01919448748230934
0.26000000100000165,0.020506158471107483,0.01947735995054245,0.01964091882109642,0.020454447716474533
0.28000000000000114,0.019463902339339256,0.01870790868997574,0.021021440625190735,0.019439557567238808
0.28000000000000114,0.019693994894623756,0.019803976640105247,0.02043125033378601,0.020273610949516296
0.3000000010000008,0.020153777673840523,0.020527034997940063,0.020415714010596275,0.02013358473777771
0.3000000010000008,0.019270125776529312,0.02057073824107647,0.02005935274064541,0.01958482712507248
0.3200000000000003,0.020875057205557823,0.02040211297571659,0.01992172747850418,0.020030466839671135
0.34000000099999994,0.019301319494843483,0.019324563443660736,0.021365132182836533,0.020238105207681656
0.34000000099999994,0.019734330475330353,0.019177546724677086,0.020141761749982834,0.020006442442536354
0.36000000100000307,0.019374698400497437,0.02002635970711708,0.01960148848593235,0.019864602014422417
0.36000000100000307,0.019252926111221313,0.019280944019556046,0.020307542756199837,0.01940048858523369
0.38000000000000256,0.020218998193740845,0.018935734406113625,0.019419481977820396,0.020053144544363022
0.4000000010000022,0.01956821419298649,0.019614411517977715,0.02004372887313366,0.02000167779624462
0.4000000010000022,0.02006017602980137,0.0198981873691082,0.02052694745361805,0.02020278386771679
0.4200000000000017,0.019543036818504333,0.01981840468943119,0.01969289407134056,0.020437080413103104
0.44000000100000136,0.019763300195336342,0.018750043585896492,0.019784564152359962,0.02043755352497101
0.44000000100000136,0.020002590492367744,0.020733755081892014,0.020393086597323418,0.019477475434541702
0.46000000000000085,0.02016170509159565,0.020143700763583183,0.020324530079960823,0.020095758140087128
0.4800000010000005,0.020484590902924538,0.019608987495303154,0.019539901986718178,0.019891059026122093
0.4800000010000005,0.020157968625426292,0.020135847851634026,0.020099584013223648,0.02020089142024517
0.5,0.020496409386396408,0.019544683396816254,0.019959090277552605,0.019065750762820244
0.5200000000000031,0.01993102766573429,0.019479991868138313,0.020456533879041672,0.020164065062999725
0.5200000000000031,0.019119039177894592,0.019846806302666664,0.020535586401820183,0.020074808970093727
0.5400000010000028,0.020998043939471245,0.01980140246450901,0.019875239580869675,0.020100370049476624
0.5600000000000023,0.019387848675251007,0.0198973435908556,0.02015005052089691,0.019937962293624878
0.5600000000000023,0.02016489952802658,0.020465392619371414,0.019907871261239052,0.02069319784641266
0.5600000000000023,0.02016489952802658,0.020465392619371414,0.019907871261239052,0.02069319784641266
0.5800000010000019,0.019917061552405357,0.02013785019516945,0.019836287945508957,0.019530069082975388
0.5800000010000019,0.019917061552405357,0.02013785019516945,0.019836287945508957,0.019530069082975388
0.5800000010000019,0.02017645165324211,0.019583195447921753,0.020413240417838097,0.019868411123752594
0.5800000010000019,0.02017645165324211,0.019583195447921753,0.020413240417838097,0.019868411123752594
0.6000000000000014,0.020327137783169746,0.0198369063436985,0.01944493129849434,0.019530924037098885
0.6000000000000014,0.020327137783169746,0.0198369063436985,0.01944493129849434,0.019530924037098885
0.6200000010000011,0.020163031294941902,0.020137565210461617,0.019885806366801262,0.02019905112683773
0.6200000010000011,0.020163031294941902,0.020137565210461617,0.019885806366801262,0.02019905112683773
0.6200000010000011,0.020162122324109077,0.01927446573972702,0.01999766193330288,0.02083844691514969
0.6200000010000011,0.020162122324109077,0.01927446573972702,0.01999766193330288,0.02083844691514969
0.6400000000000006,0.020882515236735344,0.020057236775755882,0.01981140859425068,0.020081445574760437
0.6400000000000006,0.020882515236735344,0.020057236775755882,0.01981140859425068,0.020081445574760437
0.6600000010000002,0.019587412476539612,0.020095879212021828,0.019907940179109573,0.020680302754044533
0.6600000010000002,0.019587412476539612,0.020095879212021828,0.019907940179109573,0.020680302754044533
0.6600000010000002,0.020056227222085,0.020021868869662285,0.019270606338977814,0.01987244188785553
0.6600000010000002,0.020056227222085,0.020021868869662285,0.019270606338977814,0.01987244188785553
0.6800000010000034,0.02064099907875061,0.020648492500185966,0.0190065186470747,0.02031194232404232
0.6800000010000034,0.02064099907875061,0.020648492500185966,0.0190065186470747,0.02031194232404232
0.7000000000000028,0.020736180245876312,0.019913548603653908,0.02113110013306141,0.019261347129940987
0.7000000000000028,0.020736180245876312,0.019913548603653908,0.02113110013306141,0.019261347129940987
0.7000000000000028,0.02015000395476818,0.02121862955391407,0.019844679161906242,0.020299410447478294
0.7000000000000028,0.02015000395476818,0.02121862955391407,0.019844679161906242,0.020299410447478294
0.7200000010000025,0.019547324627637863,0.019831961020827293,0.0194083359092474,0.020183948799967766
0.7200000010000025,0.019547324627637863,0.019831961020827293,0.0194083359092474,0.020183948799967766
0.740000000000002,0.01950286328792572,0.02057541348040104,0.01991306059062481,0.020939486101269722
0.740000000000002,0.01950286328792572,0.02057541348040104,0.01991306059062481,0.020939486101269722
0.740000000000002,0.02067394368350506,0.019879739731550217,0.019877515733242035,0.020295096561312675
0.740000000000002,0.02067394368350506,0.019879739731550217,0.019877515733242035,0.020295096561312675
0.7600000010000016,0.01982741989195347,0.02004370465874672,0.019546085968613625,0.019669031724333763
0.7600000010000016,0.01982741989195347,0.02004370465874672,0.019546085968613625,0.019669031724333763
0.7800000000000011,0.019962936639785767,0.0200315210968256,0.020088836550712585,0.019239550456404686
0.7800000000000011,0.019962936639785767,0.0200315210968256,0.020088836550712585,0.019239550456404686
0.7800000000000011,0.01996653899550438,0.02073700912296772,0.02028273232281208,0.01952281966805458
0.7800000000000011,0.01996653899550438,0.02073700912296772,0.02028273232281208,0.01952281966805458
0.8000000010000008,0.020299704745411873,0.020470019429922104,0.019924335181713104,0.0204450823366642
0.8000000010000008,0.020299704745411873,0.020470019429922104,0.019924335181713104,0.0204450823366642
0.8200000000000003,0.02041589841246605,0.020419051870703697,0.020284010097384453,0.0207254309207201
0.8200000000000003,0.02041589841246605,0.020419051870703697,0.020284010097384453,0.0207254309207201
0.8200000000000003,0.02033151127398014,0.020483126863837242,0.019711194559931755,0.020503530278801918
0.8200000000000003,0.02033151127398014,0.020483126863837242,0.019711194559931755,0.020503530278801918
0.8400000009999999,0.018806105479598045,0.020526058971881866,0.019892733544111252,0.019440796226263046
0.8400000009999999,0.018806105479598045,0.020526058971881866,0.019892733544111252,0.019440796226263046
0.8600000010000031,0.01934676431119442,0.020851243287324905,0.01970675028860569,0.020156634971499443
0.8600000010000031,0.01934676431119442,0.020851243287324905,0.01970675028860569,0.020156634971499443
0.8600000010000031,0.020266326144337654,0.020030958577990532,0.01980874314904213,0.02100173570215702
0.8600000010000031,0.020266326144337654,0.020030958577990532,0.01980874314904213,0.02100173570215702
0.8800000000000026,0.01981022208929062,0.019501738250255585,0.019655825570225716,0.019627979025244713
0.8800000000000026,0.01981022208929062,0.019501738250255585,0.019655825570225716,0.019627979025244713
0.9000000010000022,0.020843159407377243,0.020193733274936676,0.020287426188588142,0.020251693204045296
0.9000000010000022,0.020843159407377243,0.020193733274936676,0.020287426188588142,0.020251693204045296
0.9000000010000022,0.019648633897304535,0.020174039527773857,0.019146522507071495,0.01959853060543537
0.9000000010000022,0.019648633897304535,0.020174039527773857,0.019146522507071495,0.01959853060543537
0.9200000000000017,0.02096514031291008,0.020075159147381783,0.019771767780184746,0.02015523612499237
0.9200000000000017,0.02096514031291008,0.020075159147381783,0.019771767780184746,0.02015523612499237
0.9200000000000017,0.019878940656781197,0.019810106605291367,0.021239759400486946,0.019989073276519775
0.9200000000000017,0.019878940656781197,0.019810106605291367,0.021239759400486946,0.019989073276519775
0.9200000000000017,0.02019650675356388,0.020117150619626045,0.020010164007544518,0.01967940852046013
0.9200000000000017,0.02019650675356388,0.020117150619626045,0.020010164007544518,0.01967940852046013
0.9200000000000017,0.018765699118375778,0.019758490845561028,0.019893843680620193,0.01994982548058033
0.9200000000000017,0.018765699118375778,0.019758490845561028,0.019893843680620193,0.01994982548058033
0.9200000000000017,0.019414829090237617,0.020222444087266922,0.019745690748095512,0.02014896087348461
0.9200000000000017,0.019414829090237617,0.020222444087266922,0.019745690748095512,0.02014896087348461
0.9200000000000017,0.02105867676436901,0.019719626754522324,0.020367207005620003,0.019754260778427124
0.9200000000000017,0.02105867676436901,0.019719626754522324,0.020367207005620003,0.019754260778427124
0.9200000000000017,0.019993562251329422,0.020089460536837578,0.019312836229801178,0.02035040594637394
0.9400000010000014,0.019993562251329422,0.020089460536837578,0.019312836229801178,0.02035040594637394
0.9400000010000014,0.020219899713993073,0.02031618542969227,0.019960392266511917,0.020156361162662506
0.9400000010000014,0.020219899713993073,0.02031618542969227,0.019960392266511917,0.020156361162662506
0.9600000000000009,0.02031700126826763,0.019649367779493332,0.019777921959757805,0.01937248930335045
0.9600000000000009,0.02031700126826763,0.019649367779493332,0.019777921959757805,0.01937248930335045
0.9600000000000009,0.01925884559750557,0.019362615421414375,0.020149346441030502,0.02039775624871254
0.9600000000000009,0.01925884559750557,0.019362615421414375,0.020149346441030502,0.02039775624871254
0.9800000010000005,0.020450910553336143,0.01943003386259079,0.019886000081896782,0.02024799957871437
0.9800000010000005,0.020450910553336143,0.01943003386259079,0.019886000081896782,0.02024799957871437
0.9800000010000005,0.01948609948158264,0.01980898343026638,0.01983695849776268,0.020386386662721634
1.0,0.01948609948158264,0.01980898343026638,0.01983695849776268,0.020386386662721634
1.0,0.02045407146215439,0.01976265199482441,0.02041107974946499,0.01940314844250679
1.0,0.02045407146215439,0.01976265199482441,0.02041107974946499,0.01940314844250679
1.0200000000000031,0.020365430042147636,0.01998455636203289,0.019379129633307457,0.020799079909920692
1.0200000000000031,0.020365430042147636,0.01998455636203289,0.019379129633307457,0.020799079909920692
1.0400000010000028,0.020003948360681534,0.020079229027032852,0.02001640945672989,0.019838035106658936
1.0400000010000028,0.020003948360681534,0.020079229027032852,0.02001640945672989,0.019838035106658936
1.0400000010000028,0.01947924867272377,0.02101103402674198,0.020000074058771133,0.020703045651316643
1.0400000010000028,0.01947924867272377,0.02101103402674198,0.020000074058771133,0.020703045651316643
1.0600000000000023,0.02001373842358589,0.020970990881323814,0.020272869616746902,0.019930940121412277
1.0600000000000023,0.02001373842358589,0.020970990881323814,0.020272869616746902,0.019930940121412277
1.080000001000002,0.02040361426770687,0.019876495003700256,0.02071584388613701,0.020084533840417862
1.080000001000002,0.02040361426770687,0.019876495003700256,0.02071584388613701,0.020084533840417862
1.080000001000002,0.019397078081965446,0.019534248858690262,0.020059261471033096,0.01984485052525997
1.080000001000002,0.019397078081965446,0.019534248858690262,0.020059261471033096,0.01984485052525997
1.1000000000000014,0.019669661298394203,0.01977713778614998,0.019736221060156822,0.01986037567257881
1.1000000000000014,0.019669661298394203,0.01977713778614998,0.019736221060156822,0.01986037567257881
1.120000001000001,0.0192117877304554,0.01984526216983795,0.019311560317873955,0.02104656584560871
1.120000001000001,0.0192117877304554,0.01984526216983795,0.019311560317873955,0.02104656584560871
1.120000001000001,0.020748795941472054,0.019482791423797607,0.019483603537082672,0.01914174295961857
1.120000001000001,0.020748795941472054,0.019482791423797607,0.019483603537082672,0.01914174295961857
1.1400000000000006,0.020718980580568314,0.020445002242922783,0.019220814108848572,0.020448217168450356
1.1400000000000006,0.020718980580568314,0.020445002242922783,0.019220814108848572,0.020448217168450356
1.1600000010000002,0.019317515194416046,0.02046372927725315,0.019305245950818062,0.020198984071612358
1.1600000010000002,0.019317515194416046,0.02046372927725315,0.019305245950818062,0.020198984071612358
1.1600000010000002,0.01880595274269581,0.019363824278116226,0.020368751138448715,0.01977488212287426
1.1800000010000034,0.01880595274269581,0.019363824278116226,0.020368751138448715,0.01977488212287426
1.1800000010000034,0.020259177312254906,0.020351530984044075,0.020191244781017303,0.02086392045021057
1.1800000010000034,0.020259177312254906,0.020351530984044075,0.020191244781017303,0.02086392045021057
1.2000000000000028,0.019765131175518036,0.020073801279067993,0.019593797624111176,0.020011205226182938
1.2000000000000028,0.019765131175518036,0.020073801279067993,0.019593797624111176,0.020011205226182938
1.2000000000000028,0.020190607756376266,0.020074088126420975,0.020008977502584457,0.019475094974040985
1.2000000000000028,0.020190607756376266,0.020074088126420975,0.020008977502584457,0.019475094974040985
1.2200000010000025,0.020684657618403435,0.02096167579293251,0.02105010859668255,0.02006356418132782
1.2200000010000025,0.020684657618403435,0.02096167579293251,0.02105010859668255,0.02006356418132782
1.240000000000002,0.020025255158543587,0.019990060478448868,0.019900226965546608,0.019879212602972984
1.240000000000002,0.020025255158543587,0.019990060478448868,0.019900226965546608,0.019879212602972984
1.240000000000002,0.020451970398426056,0.020321816205978394,0.019740313291549683,0.019786521792411804
1.240000000000002,0.020451970398426056,0.020321816205978394,0.019740313291549683,0.019786521792411804
1.2600000010000016,0.020153971388936043,0.02090398222208023,0.02017819695174694,0.020291820168495178
1.2600000010000016,0.020153971388936043,0.02090398222208023,0.02017819695174694,0.020291820168495178
1.2800000000000011,0.020373601466417313,0.01993555761873722,0.020251978188753128,0.020630547776818275
1.2800000000000011,0.020373601466417313,0.01993555761873722,0.020251978188753128,0.020630547776818275
1.2800000000000011,0.0201717521995306,0.019483087584376335,0.019801108166575432,0.020847732201218605
1.2800000000000011,0.0201717521995306,0.019483087584376335,0.019801108166575432,0.020847732201218605
1.3000000010000008,0.01971319690346718,0.019822776317596436,0.01994619145989418,0.02007211558520794
1.3000000010000008,0.01971319690346718,0.019822776317596436,0.01994619145989418,0.02007211558520794
1.3000000010000008,0.02091263234615326,0.020635347813367844,0.019984882324934006,0.020079055801033974
1.3200000000000003,0.02091263234615326,0.020635347813367844,0.019984882324934006,0.020079055801033974
1.3200000000000003,0.019847173243761063,0.019972961395978928,0.019995277747511864,0.019543057307600975
1.3200000000000003,0.019847173243761063,0.019972961395978928,0.019995277747511864,0.019543057307600975
1.340000001,0.02030177041888237,0.019721733406186104,0.019819626584649086,0.01991633139550686
1.340000001,0.02030177041888237,0.019721733406186104,0.019819626584649086,0.01991633139550686
1.340000001,0.02046889066696167,0.01933671534061432,0.02019382268190384,0.019769014790654182
1.360000001000003,0.02046889066696167,0.01933671534061432,0.02019382268190384,0.019769014790654182
1.360000001000003,0.020614461973309517,0.020607376471161842,0.019601676613092422,0.020111363381147385
1.360000001000003,0.020614461973309517,0.020607376471161842,0.019601676613092422,0.020111363381147385
1.3800000000000026,0.02047775499522686,0.0207525547593832,0.01983591541647911,0.019972950220108032
1.3800000000000026,0.02047775499522686,0.0207525547593832,0.01983591541647911,0.019972950220108032
1.3800000000000026,0.0199090875685215,0.020355412736535072,0.020724540576338768,0.02071513794362545
1.4000000010000022,0.0199090875685215,0.020355412736535072,0.020724540576338768,0.02071513794362545
1.4000000010000022,0.019915638491511345,0.020383697003126144,0.019741810858249664,0.020071616396307945
1.4000000010000022,0.019915638491511345,0.020383697003126144,0.019741810858249664,0.020071616396307945
1.4200000000000017,0.020133640617132187,0.02001970447599888,0.020371688529849052,0.019766002893447876
1.4200000000000017,0.020133640617132187,0.02001970447599888,0.020371688529849052,0.019766002893447876
1.4200000000000017,0.019579587504267693,0.020157793536782265,0.019750405102968216,0.01997675932943821
1.4200000000000017,0.019579587504267693,0.020157793536782265,0.019750405102968216,0.01997675932943821
1.4400000010000014,0.020033933222293854,0.01951286382973194,0.019125143066048622,0.020661326125264168
1.4400000010000014,0.020033933222293854,0.01951286382973194,0.019125143066048622,0.020661326125264168
1.4600000000000009,0.020256919786334038,0.01944173313677311,0.02033601887524128,0.02028670720756054
1.4600000000000009,0.020256919786334038,0.01944173313677311,0.02033601887524128,0.02028670720756054
1.4600000000000009,0.020313985645771027,0.02007955126464367,0.020470120012760162,0.019848741590976715
1.4600000000000009,0.020313985645771027,0.02007955126464367,0.020470120012760162,0.019848741590976715
1.4800000010000005,0.01950988918542862,0.02010953612625599,0.02006220445036888,0.020495740696787834
1.4800000010000005,0.01950988918542862,0.02010953612625599,0.02006220445036888,0.020495740696787834
1.5,0.02049802802503109,0.020249629393219948,0.019852392375469208,0.019712824374437332
1.5,0.02049802802503109,0.020249629393219948,0.019852392375469208,0.019712824374437332
1.5,0.02023695595562458,0.019459396600723267,0.020260002464056015,0.020831286907196045
1.5,0.02023695595562458,0.019459396600723267,0.020260002464056015,0.020831286907196045
1.5200000000000031,0.01963232271373272,0.020233619958162308,0.02014724351465702,0.020270567387342453
1.5200000000000031,0.01963232271373272,0.020233619958162308,0.02014724351465702,0.020270567387342453
1.5200000000000031,0.020744159817695618,0.02081422507762909,0.020469337701797485,0.019580213353037834
1.5400000010000028,0.020744159817695618,0.02081422507762909,0.020469337701797485,0.019580213353037834
1.5400000010000028,0.020549805834889412,0.020112285390496254,0.01981661096215248,0.020221227779984474
1.5400000010000028,0.020549805834889412,0.020112285390496254,0.01981661096215248,0.020221227779984474
1.5600000000000023,0.0201290063560009,0.02020343579351902,0.019008291885256767,0.020264673978090286
1.5600000000000023,0.0201290063560009,0.02020343579351902,0.019008291885256767,0.020264673978090286
1.5600000000000023,0.01965208724141121,0.019977035000920296,0.020135583356022835,0.02027563937008381
1.5600000000000023,0.01965208724141121,0.019977035000920296,0.020135583356022835,0.02027563937008381
1.580000001000002,0.01984160579741001,0.019931158050894737,0.019110411405563354,0.0201145987957716
1.580000001000002,0.01984160579741001,0.019931158050894737,0.019110411405563354,0.0201145987957716
1.580000001000002,0.02112189121544361,0.019947564229369164,0.02140568010509014,0.020011650398373604
1.580000001000002,0.02112189121544361,0.019947564229369164,0.02140568010509014,0.020011650398373604
1.6000000000000014,0.020555945113301277,0.019968414679169655,0.02061198465526104,0.019677095115184784
1.6000000000000014,0.020555945113301277,0.019968414679169655,0.02061198465526104,0.019677095115184784
1.6000000000000014,0.020364368334412575,0.01963559165596962,0.019347069784998894,0.019976118579506874
1.6000000000000014,0.020364368334412575,0.01963559165596962,0.019347069784998894,0.019976118579506874
1.620000001000001,0.020058028399944305,0.020179934799671173,0.020365191623568535,0.0194439385086298
1.620000001000001,0.020058028399944305,0.020179934799671173,0.020365191623568535,0.0194439385086298
1.620000001000001,0.019609982147812843,0.019314831122756004,0.01913818158209324,0.019955499097704887
1.620000001000001,0.019609982147812843,0.019314831122756004,0.01913818158209324,0.019955499097704887
1.6400000000000006,0.020677100867033005,0.019809188321232796,0.01927393488585949,0.019766468554735184
1.6400000000000006,0.020677100867033005,0.019809188321232796,0.01927393488585949,0.019766468554735184
1.6400000000000006,0.019972793757915497,0.01995897851884365,0.020761089399456978,0.01986868865787983
1.6600000010000002,0.019972793757915497,0.01995897851884365,0.020761089399456978,0.01986868865787983
1.6600000010000002,0.019827673211693764,0.020120680332183838,0.020819026976823807,0.01981564238667488
1.6600000010000002,0.019827673211693764,0.020120680332183838,0.020819026976823807,0.01981564238667488
1.6800000010000034,0.019710389897227287,0.020370543003082275,0.0204964317381382,0.019452005624771118
1.6800000010000034,0.019710389897227287,0.020370543003082275,0.0204964317381382,0.019452005624771118
1.6800000010000034,0.020054809749126434,0.019352944567799568,0.02040441520512104,0.021022217348217964
1.6800000010000034,0.020054809749126434,0.019352944567799568,0.02040441520512104,0.021022217348217964
1.7000000000000028,0.020314721390604973,0.020272478461265564,0.020026782527565956,0.019506189972162247
1.7000000000000028,0.020314721390604973,0.020272478461265564,0.020026782527565956,0.019506189972162247
1.7000000000000028,0.020626630634069443,0.019649755209684372,0.02023448795080185,0.02020883560180664
1.7000000000000028,0.020626630634069443,0.019649755209684372,0.02023448795080185,0.02020883560180664
1.7200000010000025,0.019499503076076508,0.019431959837675095,0.019668124616146088,0.02012607827782631
1.7200000010000025,0.019499503076076508,0.019431959837675095,0.019668124616146088,0.02012607827782631
1.7200000010000025,0.01967894844710827,0.020004304125905037,0.019946930930018425,0.019913828000426292
1.7200000010000025,0.01967894844710827,0.020004304125905037,0.019946930930018425,0.019913828000426292
1.740000000000002,0.019529810175299644,0.020099084824323654,0.018892936408519745,0.01939965784549713
1.740000000000002,0.019529810175299644,0.020099084824323654,0.018892936408519745,0.01939965784549713
1.740000000000002,0.021097682416439056,0.019431140273809433,0.02007719688117504,0.020151318982243538
1.740000000000002,0.021097682416439056,0.019431140273809433,0.02007719688117504,0.020151318982243538
1.7600000010000016,0.020199421793222427,0.01964912936091423,0.020097775384783745,0.01896442100405693
1.7600000010000016,0.020199421793222427,0.01964912936091423,0.020097775384783745,0.01896442100405693
1.7800000000000011,0.01979505643248558,0.019850043579936028,0.020578008145093918,0.019237766042351723
1.7800000000000011,0.01979505643248558,0.019850043579936028,0.020578008145093918,0.019237766042351723
1.7800000000000011,0.01983008161187172,0.019823700189590454,0.020036235451698303,0.019455578178167343
1.7800000000000011,0.01983008161187172,0.019823700189590454,0.020036235451698303,0.019455578178167343
1.8000000010000008,0.020090414211153984,0.019993197172880173,0.019948260858654976,0.019041715189814568
1.8000000010000008,0.020090414211153984,0.019993197172880173,0.019948260858654976,0.019041715189814568
1.8200000000000003,0.02076391875743866,0.020160645246505737,0.0204386617988348,0.019948087632656097
1.8200000000000003,0.02076391875743866,0.020160645246505737,0.0204386617988348,0.019948087632656097
1.8200000000000003,0.02033916674554348,0.02098919078707695,0.019908953458070755,0.01973118633031845
1.8200000000000003,0.02033916674554348,0.02098919078707695,0.019908953458070755,0.01973118633031845
1.840000001,0.018823055550456047,0.02072421833872795,0.019780511036515236,0.020253989845514297
1.840000001,0.018823055550456047,0.02072421833872795,0.019780511036515236,0.020253989845514297
1.860000001000003,0.019895443692803383,0.01986796036362648,0.020571308210492134,0.01942582242190838
1.860000001000003,0.019895443692803383,0.01986796036362648,0.020571308210492134,0.01942582242190838
1.860000001000003,0.019202332943677902,0.020475367084145546,0.020521510392427444,0.0197298564016819
1.860000001000003,0.019202332943677902,0.020475367084145546,0.020521510392427444,0.0197298564016819
1.8800000000000026,0.02055930718779564,0.020450130105018616,0.020563382655382156,0.020054759457707405
1.8800000000000026,0.02055930718779564,0.020450130105018616,0.020563382655382156,0.020054759457707405
1.8800000000000026,0.020414404571056366,0.019959211349487305,0.019947947934269905,0.020090587437152863
1.9000000010000022,0.020414404571056366,0.019959211349487305,0.019947947934269905,0.020090587437152863
1.9000000010000022,0.020239507779479027,0.020294882357120514,0.020097242668271065,0.019966673105955124
1.9000000010000022,0.020239507779479027,0.020294882357120514,0.020097242668271065,0.019966673105955124
1.9200000000000017,0.020355360582470894,0.019754549488425255,0.0205091442912817,0.019879505038261414
1.9200000000000017,0.020355360582470894,0.019754549488425255,0.0205091442912817,0.019879505038261414
1.9400000010000014,0.019398299977183342,0.02052648551762104,0.020336519926786423,0.019793398678302765
1.9400000010000014,0.019398299977183342,0.02052648551762104,0.020336519926786423,0.019793398678302765
1.9400000010000014,0.019802551716566086,0.019403589889407158,0.02044537663459778,0.020460020750761032
1.9400000010000014,0.019802551716566086,0.019403589889407158,0.02044537663459778,0.020460020750761032
1.9600000000000009,0.020258240401744843,0.019803322851657867,0.02037413790822029,0.020128292962908745
1.9600000000000009,0.020258240401744843,0.019803322851657867,0.02037413790822029,0.020128292962908745
1.9800000010000005,0.019733436405658722,0.01973806321620941,0.01976771093904972,0.01985330879688263
1.9800000010000005,0.019733436405658722,0.01973806321620941,0.01976771093904972,0.01985330879688263
1.9800000010000005,0.020521126687526703,0.020465407520532608,0.01933778077363968,0.020228175446391106
1.9800000010000005,0.020521126687526703,0.020465407520532608,0.01933778077363968,0.020228175446391106
2.0,0.01976010948419571,0.02070305496454239,0.020179638639092445,0.020420027896761894
2.0,0.01976010948419571,0.02070305496454239,0.020179638639092445,0.020420027896761894
2.020000000000003,0.019569452852010727,0.020833492279052734,0.019764596596360207,0.01905173249542713
2.020000000000003,0.019569452852010727,0.020833492279052734,0.019764596596360207,0.01905173249542713
2.020000000000003,0.019524361938238144,0.01970856264233589,0.02063692919909954,0.01936349831521511
2.020000000000003,0.019524361938238144,0.01970856264233589,0.02063692919909954,0.01936349831521511
2.040000001000003,0.020269960165023804,0.02018914557993412,0.019222667440772057,0.019674528390169144
2.040000001000003,0.020269960165023804,0.02018914557993412,0.019222667440772057,0.019674528390169144
2.040000001000003,0.0196529608219862,0.019191687926650047,0.0191027894616127,0.019849983975291252
2.0600000000000023,0.0196529608219862,0.019191687926650047,0.0191027894616127,0.019849983975291252
2.0600000000000023,0.0205799899995327,0.020452283322811127,0.020907128229737282,0.01947384886443615
2.0600000000000023,0.0205799899995327,0.020452283322811127,0.020907128229737282,0.01947384886443615
2.080000001000002,0.02008790522813797,0.020347310230135918,0.020859114825725555,0.02034078724682331
2.080000001000002,0.02008790522813797,0.020347310230135918,0.020859114825725555,0.02034078724682331
2.080000001000002,0.02012912929058075,0.01930202543735504,0.01992899179458618,0.02070251666009426
2.080000001000002,0.02012912929058075,0.01930202543735504,0.01992899179458618,0.02070251666009426
2.1000000000000014,0.02044372633099556,0.020120933651924133,0.020381547510623932,0.019576188176870346
2.1000000000000014,0.02044372633099556,0.020120933651924133,0.020381547510623932,0.019576188176870346
2.1000000000000014,0.01978304050862789,0.019657423719763756,0.019376620650291443,0.020314354449510574
2.1000000000000014,0.01978304050862789,0.019657423719763756,0.019376620650291443,0.020314354449510574
2.120000001000001,0.01862221024930477,0.02022051438689232,0.020630108192563057,0.02045230194926262
2.120000001000001,0.01862221024930477,0.02022051438689232,0.020630108192563057,0.02045230194926262
2.120000001000001,0.020635081455111504,0.01997150108218193,0.019200609996914864,0.020068438723683357
2.1400000000000006,0.020635081455111504,0.01997150108218193,0.019200609996914864,0.020068438723683357
2.1400000000000006,0.01920585334300995,0.020344069227576256,0.020597167313098907,0.02066621743142605
2.1400000000000006,0.01920585334300995,0.020344069227576256,0.020597167313098907,0.02066621743142605
2.1600000010000002,0.01951194368302822,0.020098719745874405,0.020320912823081017,0.020061831921339035
2.1600000010000002,0.01951194368302822,0.020098719745874405,0.020320912823081017,0.020061831921339035
2.1600000010000002,0.020569611340761185,0.01961934007704258,0.019563408568501472,0.020781461149454117
2.1800000010000034,0.020569611340761185,0.01961934007704258,0.019563408568501472,0.020781461149454117
2.1800000010000034,0.020636532455682755,0.02039111778140068,0.019994180649518967,0.019591597840189934
2.1800000010000034,0.020636532455682755,0.02039111778140068,0.019994180649518967,0.019591597840189934
2.200000000000003,0.019811004400253296,0.02105221338570118,0.019846556708216667,0.020349305123090744
2.200000000000003,0.019811004400253296,0.02105221338570118,0.019846556708216667,0.020349305123090744
2.200000000000003,0.020256755873560905,0.020171795040369034,0.021202439442276955,0.020594552159309387
2.200000000000003,0.020256755873560905,0.020171795040369034,0.021202439442276955,0.020594552159309387
2.2200000010000025,0.01948779821395874,0.020289799198508263,0.02050080895423889,0.02045917697250843
2.2200000010000025,0.01948779821395874,0.020289799198508263,0.02050080895423889,0.02045917697250843
2.2200000010000025,0.019873162731528282,0.020409975200891495,0.020232083275914192,0.02054131217300892
2.2200000010000025,0.019873162731528282,0.020409975200891495,0.020232083275914192,0.02054131217300892
2.240000000000002,0.019813479855656624,0.0197310633957386,0.021153880283236504,0.020289987325668335
2.240000000000002,0.019813479855656624,0.0197310633957386,0.021153880283236504,0.020289987325668335
2.240000000000002,0.020251773297786713,0.020656254142522812,0.019912170246243477,0.01967722736299038
2.240000000000002,0.020251773297786713,0.020656254142522812,0.019912170246243477,0.01967722736299038
2.2600000010000016,0.019687768071889877,0.019424987956881523,0.020074130967259407,0.019374802708625793
2.2600000010000016,0.019687768071889877,0.019424987956881523,0.020074130967259407,0.019374802708625793
2.2600000010000016,0.020106051117181778,0.019930996000766754,0.01947614550590515,0.019548360258340836
2.280000000000001,0.020106051117181778,0.019930996000766754,0.01947614550590515,0.019548360258340836
2.280000000000001,0.019979214295744896,0.020529931411147118,0.019536690786480904,0.01940186880528927
2.280000000000001,0.019979214295744896,0.020529931411147118,0.019536690786480904,0.01940186880528927
2.300000001000001,0.01973637565970421,0.019665269181132317,0.019653303548693657,0.01966042071580887
2.300000001000001,0.01973637565970421,0.019665269181132317,0.019653303548693657,0.01966042071580887
2.300000001000001,0.01893581822514534,0.020863760262727737,0.020032374188303947,0.020585669204592705
2.300000001000001,0.01893581822514534,0.020863760262727737,0.020032374188303947,0.020585669204592705
2.3200000000000003,0.019955972209572792,0.019655264914035797,0.01979375071823597,0.020397039130330086
2.3200000000000003,0.019955972209572792,0.019655264914035797,0.01979375071823597,0.020397039130330086
2.3200000000000003,0.02022285759449005,0.01992335170507431,0.019872725009918213,0.02014530636370182
2.3200000000000003,0.02022285759449005,0.01992335170507431,0.019872725009918213,0.02014530636370182
2.340000001,0.01976238749921322,0.02067357860505581,0.020985910668969154,0.019923238083720207
2.340000001,0.01976238749921322,0.02067357860505581,0.020985910668969154,0.019923238083720207
2.340000001,0.020020173862576485,0.02062598243355751,0.02079136297106743,0.019130010157823563
2.360000001000003,0.020020173862576485,0.02062598243355751,0.02079136297106743,0.019130010157823563
2.360000001000003,0.019452331587672234,0.019191192463040352,0.020277507603168488,0.01968569867312908
2.360000001000003,0.019452331587672234,0.019191192463040352,0.020277507603168488,0.01968569867312908
2.3800000000000026,0.020593922585248947,0.01965966634452343,0.019241217523813248,0.020197203382849693
2.3800000000000026,0.020593922585248947,0.01965966634452343,0.019241217523813248,0.020197203382849693
2.3800000000000026,0.020266026258468628,0.020309410989284515,0.020009003579616547,0.02031092904508114
2.3800000000000026,0.020266026258468628,0.020309410989284515,0.020009003579616547,0.02031092904508114
2.400000001000002,0.02029425837099552,0.019517863169312477,0.01998462900519371,0.01980293169617653
2.400000001000002,0.02029425837099552,0.019517863169312477,0.01998462900519371,0.01980293169617653
2.4200000000000017,0.019563497975468636,0.02017160691320896,0.019856423139572144,0.019868167117238045
2.4200000000000017,0.019563497975468636,0.02017160691320896,0.019856423139572144,0.019868167117238045
2.4200000000000017,0.02080097235739231,0.019570527598261833,0.020350174978375435,0.020214904099702835
2.4200000000000017,0.02080097235739231,0.019570527598261833,0.020350174978375435,0.020214904099702835
2.4400000010000014,0.020008860155940056,0.019438361749053,0.01984858140349388,0.020447654649615288
2.4400000010000014,0.020008860155940056,0.019438361749053,0.01984858140349388,0.020447654649615288
2.460000000000001,0.019632188603281975,0.018922701478004456,0.019725818186998367,0.02036322094500065
2.460000000000001,0.019632188603281975,0.018922701478004456,0.019725818186998367,0.02036322094500065
2.460000000000001,0.02092011831700802,0.018588189035654068,0.020299432799220085,0.020514190196990967
2.460000000000001,0.02092011831700802,0.018588189035654068,0.020299432799220085,0.020514190196990967
2.4800000010000005,0.019477227702736855,0.020320558920502663,0.019423525780439377,0.019415225833654404
2.4800000010000005,0.019477227702736855,0.020320558920502663,0.019423525780439377,0.019415225833654404
2.4800000010000005,0.020853329449892044,0.019763745367527008,0.019544567912817,0.020935676991939545
2.5,0.020853329449892044,0.019763745367527008,0.019544567912817,0.020935676991939545
2.5,0.020117169246077538,0.020095765590667725,0.02020193077623844,0.01954951137304306
2.5,0.020117169246077538,0.020095765590667725,0.02020193077623844,0.01954951137304306
2.520000000000003,0.02006789669394493,0.020277775824069977,0.020247748121619225,0.020508695393800735
2.520000000000003,0.02006789669394493,0.020277775824069977,0.020247748121619225,0.020508695393800735
2.520000000000003,0.02067367546260357,0.01931000128388405,0.019879186525940895,0.020641326904296875
2.520000000000003,0.02067367546260357,0.01931000128388405,0.019879186525940895,0.020641326904296875
2.540000001000003,0.020754573866724968,0.020094098523259163,0.020174497738480568,0.020387236028909683
2.540000001000003,0.020754573866724968,0.020094098523259163,0.020174497738480568,0.020387236028909683
2.540000001000003,0.01956470124423504,0.01991945318877697,0.01890130154788494,0.020118845626711845
2.540000001000003,0.01956470124423504,0.01991945318877697,0.01890130154788494,0.020118845626711845
2.5600000000000023,0.020161831751465797,0.019862424582242966,0.02027183026075363,0.02007872425019741
2.5600000000000023,0.020161831751465797,0.019862424582242966,0.02027183026075363,0.02007872425019741
2.580000001000002,0.019920283928513527,0.020157523453235626,0.01963481307029724,0.019262993708252907
2.580000001000002,0.019920283928513527,0.020157523453235626,0.01963481307029724,0.019262993708252907
2.580000001000002,0.019358810037374496,0.019692134112119675,0.020391948521137238,0.0208452045917511
2.580000001000002,0.019358810037374496,0.019692134112119675,0.020391948521137238,0.0208452045917511
2.6000000000000014,0.020512759685516357,0.019529055804014206,0.01909910887479782,0.02017415314912796
2.6000000000000014,0.020512759685516357,0.019529055804014206,0.01909910887479782,0.02017415314912796
2.6000000000000014,0.020364204421639442,0.01948648877441883,0.019392214715480804,0.02014271914958954
2.620000001000001,0.020364204421639442,0.01948648877441883,0.019392214715480804,0.02014271914958954
2.620000001000001,0.020251736044883728,0.02007109485566616,0.01905476115643978,0.019440168514847755
2.620000001000001,0.020251736044883728,0.02007109485566616,0.01905476115643978,0.019440168514847755
2.6400000000000006,0.020554443821310997,0.019999390468001366,0.020972542464733124,0.020308099687099457
2.6400000000000006,0.020554443821310997,0.019999390468001366,0.020972542464733124,0.020308099687099457
2.6400000000000006,0.020831111818552017,0.02046981081366539,0.019973302260041237,0.019936423748731613
2.6400000000000006,0.020831111818552017,0.02046981081366539,0.019973302260041237,0.019936423748731613
2.6600000010000002,0.020346468314528465,0.020070835947990417,0.01972944103181362,0.01999961957335472
2.6600000010000002,0.020346468314528465,0.020070835947990417,0.01972944103181362,0.01999961957335472
2.6600000010000002,0.020115753635764122,0.0208943672478199,0.019703762605786324,0.019329620525240898
2.6600000010000002,0.020115753635764122,0.0208943672478199,0.019703762605786324,0.019329620525240898
2.6800000010000034,0.02045378088951111,0.020363427698612213,0.019530341029167175,0.019976692274212837
2.6800000010000034,0.02045378088951111,0.020363427698612213,0.019530341029167175,0.019976692274212837
2.700000000000003,0.020017128437757492,0.020161215215921402,0.020343447104096413,0.019674353301525116
2.700000000000003,0.020017128437757492,0.020161215215921402,0.020343447104096413,0.019674353301525116
2.700000000000003,0.01898905821144581,0.019706888124346733,0.01914595067501068,0.020164264366030693
2.700000000000003,0.01898905821144581,0.019706888124346733,0.01914595067501068,0.020164264366030693
2.7200000010000025,0.01996874064207077,0.019529232755303383,0.01993434876203537,0.02027759701013565
2.7200000010000025,0.01996874064207077,0.019529232755303383,0.01993434876203537,0.02027759701013565
2.7200000010000025,0.020437704399228096,0.02012276090681553,0.019409507513046265,0.0188418198376894
2.7200000010000025,0.020437704399228096,0.02012276090681553,0.019409507513046265,0.0188418198376894
2.740000000000002,0.018956754356622696,0.020161956548690796,0.02028128132224083,0.019808033481240273
2.740000000000002,0.018956754356622696,0.020161956548690796,0.02028128132224083,0.019808033481240273
2.7600000010000016,0.020999334752559662,0.019908839836716652,0.020045258104801178,0.018960049375891685
2.7600000010000016,0.020999334752559662,0.019908839836716652,0.020045258104801178,0.018960049375891685
2.7600000010000016,0.02067628875374794,0.02033865824341774,0.019441785290837288,0.02032092958688736
2.7600000010000016,0.02067628875374794,0.02033865824341774,0.019441785290837288,0.02032092958688736
2.780000000000001,0.0198400616645813,0.020916568115353584,0.020423738285899162,0.019230976700782776
2.780000000000001,0.0198400616645813,0.020916568115353584,0.020423738285899162,0.019230976700782776
2.780000000000001,0.019558969885110855,0.020459245890378952,0.020212393254041672,0.020363610237836838
2.780000000000001,0.019558969885110855,0.020459245890378952,0.020212393254041672,0.020363610237836838
2.800000001000001,0.020318375900387764,0.019337186589837074,0.019308211281895638,0.020330801606178284
2.800000001000001,0.020318375900387764,0.019337186589837074,0.019308211281895638,0.020330801606178284
2.800000001000001,0.01992541365325451,0.020637713372707367,0.01938750594854355,0.020212426781654358
2.800000001000001,0.01992541365325451,0.020637713372707367,0.01938750594854355,0.020212426781654358
2.8200000000000003,0.020002296194434166,0.019800079986453056,0.020186759531497955,0.02028420940041542
2.8200000000000003,0.020002296194434166,0.019800079986453056,0.020186759531497955,0.02028420940041542
2.8200000000000003,0.01975654810667038,0.020872272551059723,0.019573373720049858,0.01986892707645893
2.840000001,0.01975654810667038,0.020872272551059723,0.019573373720049858,0.01986892707645893
2.840000001,0.02012036368250847,0.02047569677233696,0.019487151876091957,0.019930308684706688
2.840000001,0.02012036368250847,0.02047569677233696,0.019487151876091957,0.019930308684706688
2.860000001000003,0.01978912204504013,0.01992901973426342,0.019091252237558365,0.019875656813383102
2.860000001000003,0.01978912204504013,0.01992901973426342,0.019091252237558365,0.019875656813383102
2.860000001000003,0.019865475594997406,0.019764352589845657,0.020363641902804375,0.02037799544632435
2.860000001000003,0.019865475594997406,0.019764352589845657,0.020363641902804375,0.02037799544632435
2.8800000000000026,0.020054813474416733,0.02065109647810459,0.01970769837498665,0.020533408969640732
2.8800000000000026,0.020054813474416733,0.02065109647810459,0.01970769837498665,0.020533408969640732
2.8800000000000026,0.021534500643610954,0.01990729756653309,0.01917545683681965,0.019227847456932068
2.8800000000000026,0.021534500643610954,0.01990729756653309,0.01917545683681965,0.019227847456932068
2.900000001000002,0.01940527930855751,0.0197729654610157,0.01996903121471405,0.019937628880143166
2.900000001000002,0.01940527930855751,0.0197729654610157,0.01996903121471405,0.019937628880143166
2.900000001000002,0.020157132297754288,0.01993359811604023,0.020452434197068214,0.020128794014453888
2.900000001000002,0.020157132297754288,0.01993359811604023,0.020452434197068214,0.020128794014453888
2.9200000000000017,0.020336506888270378,0.020428476855158806,0.01951875537633896,0.019830994307994843
2.9200000000000017,0.020336506888270378,0.020428476855158806,0.01951875537633896,0.019830994307994843
2.9200000000000017,0.019109802320599556,0.019881824031472206,0.018592212349176407,0.020172879099845886
2.9200000000000017,0.019109802320599556,0.019881824031472206,0.018592212349176407,0.020172879099845886
2.9200000000000017,0.01991940289735794,0.02029753290116787,0.020014343783259392,0.02011067047715187
2.9200000000000017,0.01991940289735794,0.02029753290116787,0.020014343783259392,0.02011067047715187
2.9400000010000014,0.019961310550570488,0.019961277022957802,0.020048463717103004,0.019951215013861656
2.9400000010000014,0.019961310550570488,0.019961277022957802,0.020048463717103004,0.019951215013861656
2.9400000010000014,0.020127639174461365,0.019731858745217323,0.020263787358999252,0.019564175978302956
2.9400000010000014,0.020127639174461365,0.019731858745217323,0.020263787358999252,0.019564175978302956
2.960000000000001,0.02064160630106926,0.019891154021024704,0.019831636920571327,0.019495071843266487
2.960000000000001,0.02064160630106926,0.019891154021024704,0.019831636920571327,0.019495071843266487
2.9800000010000005,0.01934134028851986,0.020432056859135628,0.02083745039999485,0.020905325189232826
2.9800000010000005,0.01934134028851986,0.020432056859135628,0.02083745039999485,0.020905325189232826
2.9800000010000005,0.01905710995197296,0.020932955667376518,0.020357638597488403,0.01954508014023304
2.9800000010000005,0.01905710995197296,0.020932955667376518,0.020357638597488403,0.01954508014023304
3.0,0.019576963037252426,0.020771779119968414,0.020176488906145096,0.01985202357172966
3.0,0.019576963037252426,0.020771779119968414,0.020176488906145096,0.01985202357172966
3.020000000000003,0.02007782645523548,0.019773408770561218,0.0196030642837286,0.01997237466275692
3.020000000000003,0.02007782645523548,0.019773408770561218,0.0196030642837286,0.01997237466275692
3.020000000000003,0.020291095599532127,0.019149350002408028,0.020021729171276093,0.019386282190680504
3.020000000000003,0.020291095599532127,0.019149350002408028,0.020021729171276093,0.019386282190680504
3.040000001000003,0.020829934626817703,0.02023143693804741,0.01989910937845707,0.02037527784705162
3.040000001000003,0.020829934626817703,0.02023143693804741,0.01989910937845707,0.02037527784705162
3.040000001000003,0.019399801269173622,0.020080694928765297,0.01991703175008297,0.020516160875558853
3.040000001000003,0.019399801269173622,0.020080694928765297,0.01991703175008297,0.020516160875558853
3.0600000000000023,0.02021794579923153,0.019939608871936798,0.01903790980577469,0.019290225580334663
3.0600000000000023,0.02021794579923153,0.019939608871936798,0.01903790980577469,0.019290225580334663
3.0600000000000023,0.01946297474205494,0.019820131361484528,0.01937331072986126,0.02066188119351864
3.0600000000000023,0.01946297474205494,0.019820131361484528,0.01937331072986126,0.02066188119351864
3.080000001000002,0.02145557850599289,0.02049538865685463,0.019861113280057907,0.019333623349666595
3.080000001000002,0.02145557850599289,0.02049538865685463,0.019861113280057907,0.019333623349666595
3.1000000000000014,0.01934977062046528,0.02032574638724327,0.019683457911014557,0.019324302673339844
3.1000000000000014,0.01934977062046528,0.02032574638724327,0.019683457911014557,0.019324302673339844
3.1000000000000014,0.020044753327965736,0.01958622597157955,0.020987991243600845,0.020159127190709114
3.1000000000000014,0.020044753327965736,0.01958622597157955,0.020987991243600845,0.020159127190709114
3.120000001000001,0.020322507247328758,0.020271841436624527,0.019619394093751907,0.020594153553247452
3.120000001000001,0.020322507247328758,0.020271841436624527,0.019619394093751907,0.020594153553247452
3.120000001000001,0.019340749830007553,0.019920989871025085,0.020655106753110886,0.020173629745841026
3.120000001000001,0.019340749830007553,0.019920989871025085,0.020655106753110886,0.020173629745841026
3.1400000000000006,0.02029159851372242,0.019760584458708763,0.02069215476512909,0.019707288593053818
3.1400000000000006,0.02029159851372242,0.019760584458708763,0.02069215476512909,0.019707288593053818
3.1600000010000002,0.019939718768000603,0.020283816382288933,0.01986495405435562,0.01965220458805561
3.1600000010000002,0.019939718768000603,0.020283816382288933,0.01986495405435562,0.01965220458805561
3.1600000010000002,0.020425759255886078,0.020039288327097893,0.020268108695745468,0.020082034170627594
3.1600000010000002,0.020425759255886078,0.020039288327097893,0.020268108695745468,0.020082034170627594
3.1800000010000034,0.02127252146601677,0.01996552012860775,0.020344648510217667,0.0198765117675066
3.1800000010000034,0.02127252146601677,0.01996552012860775,0.020344648510217667,0.0198765117675066
3.1800000010000034,0.02123483456671238,0.020622175186872482,0.019007639959454536,0.01960725337266922
3.200000000000003,0.02123483456671238,0.020622175186872482,0.019007639959454536,0.01960725337266922
3.200000000000003,0.01934242621064186,0.019646471366286278,0.01933869905769825,0.01921002008020878
3.200000000000003,0.01934242621064186,0.019646471366286278,0.01933869905769825,0.01921002008020878
3.2200000010000025,0.019678084179759026,0.01908261515200138,0.019825858995318413,0.019509579986333847
3.2200000010000025,0.019678084179759026,0.01908261515200138,0.019825858995318413,0.019509579986333847
3.2200000010000025,0.019727922976017,0.01982799731194973,0.020094819366931915,0.01963839679956436
3.2200000010000025,0.019727922976017,0.01982799731194973,0.020094819366931915,0.01963839679956436
3.240000000000002,0.01999012753367424,0.020036637783050537,0.01988508179783821,0.020449204370379448
3.240000000000002,0.01999012753367424,0.020036637783050537,0.01988508179783821,0.020449204370379448
3.2600000010000016,0.020091315731406212,0.01959061250090599,0.020402230322360992,0.020231135189533234
3.2600000010000016,0.020091315731406212,0.01959061250090599,0.020402230322360992,0.020231135189533234
3.2600000010000016,0.019696371629834175,0.020032702013850212,0.019221749156713486,0.020632775500416756
3.2600000010000016,0.019696371629834175,0.020032702013850212,0.019221749156713486,0.020632775500416756
3.280000000000001,0.02020142786204815,0.019849106669425964,0.01976632885634899,0.019872359931468964
3.280000000000001,0.02020142786204815,0.019849106669425964,0.01976632885634899,0.019872359931468964
3.280000000000001,0.02033374086022377,0.019910475239157677,0.019765807315707207,0.019452044740319252
3.300000001000001,0.02033374086022377,0.019910475239157677,0.019765807315707207,0.019452044740319252
3.300000001000001,0.019358111545443535,0.018777403980493546,0.019747937098145485,0.02059885859489441
3.300000001000001,0.019358111545443535,0.018777403980493546,0.019747937098145485,0.02059885859489441
3.3200000000000003,0.01995187997817993,0.020388342440128326,0.019465355202555656,0.01924404501914978
3.3200000000000003,0.01995187997817993,0.020388342440128326,0.019465355202555656,0.01924404501914978
3.340000001,0.020521005615592003,0.019557317718863487,0.02021625265479088,0.019991662353277206
3.340000001,0.020521005615592003,0.019557317718863487,0.02021625265479088,0.019991662353277206
3.340000001,0.019208624958992004,0.019835306331515312,0.02029918134212494,0.02067546173930168
3.340000001,0.019208624958992004,0.019835306331515312,0.02029918134212494,0.02067546173930168
3.360000001000003,0.019647786393761635,0.020083405077457428,0.019953498616814613,0.02053326740860939
3.360000001000003,0.019647786393761635,0.020083405077457428,0.019953498616814613,0.02053326740860939
3.360000001000003,0.020234212279319763,0.02017955482006073,0.01971259154379368,0.02022906020283699
3.360000001000003,0.020234212279319763,0.02017955482006073,0.01971259154379368,0.02022906020283699
3.360000001000003,0.020196566358208656,0.020344646647572517,0.019913502037525177,0.020129239186644554
3.360000001000003,0.020196566358208656,0.020344646647572517,0.019913502037525177,0.020129239186644554
3.3800000000000026,0.019729530438780785,0.02091815508902073,0.020600425079464912,0.01937861181795597
3.3800000000000026,0.019729530438780785,0.02091815508902073,0.020600425079464912,0.01937861181795597
3.400000001000002,0.019773172214627266,0.02026066742837429,0.019651317968964577,0.019550759345293045
3.400000001000002,0.019773172214627266,0.02026066742837429,0.019651317968964577,0.019550759345293045
3.400000001000002,0.02015739306807518,0.019442973658442497,0.020550280809402466,0.020490385591983795
3.400000001000002,0.02015739306807518,0.019442973658442497,0.020550280809402466,0.020490385591983795
3.4200000000000017,0.020459329709410667,0.02055411785840988,0.019077831879258156,0.020097989588975906
3.4200000000000017,0.020459329709410667,0.02055411785840988,0.019077831879258156,0.020097989588975906
3.4400000010000014,0.020375384017825127,0.02003435418009758,0.020999372005462646,0.02091352269053459
3.4400000010000014,0.020375384017825127,0.02003435418009758,0.020999372005462646,0.02091352269053459
3.4400000010000014,0.019340327009558678,0.01985384337604046,0.019942931830883026,0.01913868635892868
3.4400000010000014,0.019340327009558678,0.01985384337604046,0.019942931830883026,0.01913868635892868
3.460000000000001,0.02076144888997078,0.0199100561439991,0.021449856460094452,0.0202814768999815
3.460000000000001,0.02076144888997078,0.0199100561439991,0.021449856460094452,0.0202814768999815
3.4800000010000005,0.019614197313785553,0.020441845059394836,0.020002519711852074,0.019579745829105377
3.4800000010000005,0.019614197313785553,0.020441845059394836,0.020002519711852074,0.019579745829105377
3.4800000010000005,0.01941617578268051,0.020067190751433372,0.020284926518797874,0.01910812221467495
3.4800000010000005,0.01941617578268051,0.020067190751433372,0.020284926518797874,0.01910812221467495
3.5,0.01997382938861847,0.020406093448400497,0.020166318863630295,0.019427642226219177
3.5,0.01997382938861847,0.020406093448400497,0.020166318863630295,0.019427642226219177
3.5,0.019917119294404984,0.019447576254606247,0.02030745893716812,0.01927206479012966
3.5,0.020637882873415947,0.01978074572980404,0.019618157297372818,0.020176175981760025
3.520000000000003,0.019103962928056717,0.020226595923304558,0.020138362422585487,0.019937904551625252
3.520000000000003,0.019103962928056717,0.020226595923304558,0.020138362422585487,0.019937904551625252
3.520000000000003,0.020443694666028023,0.01973487064242363,0.02092944271862507,0.020215565338730812
3.520000000000003,0.020443694666028023,0.01973487064242363,0.02092944271862507,0.020215565338730812
3.540000001000003,0.020416583865880966,0.020085223019123077,0.020494867116212845,0.01986100897192955
3.540000001000003,0.020416583865880966,0.020085223019123077,0.020494867116212845,0.01986100897192955
3.540000001000003,0.020548654720187187,0.019894646480679512,0.01927589438855648,0.020539667457342148
3.5600000000000023,0.020548654720187187,0.019894646480679512,0.01927589438855648,0.020539667457342148
3.5600000000000023,0.02011045254766941,0.01907522790133953,0.02059008739888668,0.01944422721862793
3.5600000000000023,0.02011045254766941,0.01907522790133953,0.02059008739888668,0.01944422721862793
3.580000001000002,0.019876359030604362,0.020141098648309708,0.02092382311820984,0.0206797793507576
3.580000001000002,0.019876359030604362,0.020141098648309708,0.02092382311820984,0.0206797793507576
3.580000001000002,0.01934281922876835,0.020466163754463196,0.020600123330950737,0.020169785246253014
3.580000001000002,0.01934281922876835,0.020466163754463196,0.020600123330950737,0.020169785246253014
3.6000000000000014,0.020316356793045998,0.019613858312368393,0.019634028896689415,0.02009586989879608
3.6000000000000014,0.020316356793045998,0.019613858312368393,0.019634028896689415,0.02009586989879608
3.6000000000000014,0.01948142796754837,0.020080266520380974,0.01998867653310299,0.019734060391783714
3.6000000000000014,0.01948142796754837,0.020080266520380974,0.01998867653310299,0.019734060391783714
3.620000001000001,0.02036132663488388,0.02033163420855999,0.019658835604786873,0.020431404933333397
3.620000001000001,0.02036132663488388,0.02033163420855999,0.019658835604786873,0.020431404933333397
3.620000001000001,0.01968962326645851,0.01983674056828022,0.01965153031051159,0.01963816024363041
3.620000001000001,0.01968962326645851,0.01983674056828022,0.01965153031051159,0.01963816024363041
3.6400000000000006,0.019541451707482338,0.02037525735795498,0.019728120416402817,0.020077355206012726
3.6400000000000006,0.019541451707482338,0.02037525735795498,0.019728120416402817,0.020077355206012726
3.6600000010000002,0.020034143701195717,0.02036699280142784,0.01982773281633854,0.020134616643190384
3.6600000010000002,0.020034143701195717,0.02036699280142784,0.01982773281633854,0.020134616643190384
3.6600000010000002,0.020143313333392143,0.020232228562235832,0.02070566453039646,0.0199333056807518
3.6600000010000002,0.020143313333392143,0.020232228562235832,0.02070566453039646,0.0199333056807518
3.6800000010000034,0.020130610093474388,0.02070096880197525,0.02022174373269081,0.02083827555179596
3.6800000010000034,0.020130610093474388,0.02070096880197525,0.02022174373269081,0.02083827555179596
3.6800000010000034,0.020190123468637466,0.019614381715655327,0.02013406530022621,0.019769947975873947
3.6800000010000034,0.020190123468637466,0.019614381715655327,0.02013406530022621,0.019769947975873947
3.700000000000003,0.01998968794941902,0.019644031301140785,0.020071644335985184,0.020510358735919
3.700000000000003,0.01998968794941902,0.019644031301140785,0.020071644335985184,0.020510358735919
3.700000000000003,0.019593799486756325,0.02035815455019474,0.020661961287260056,0.020651375874876976
3.7200000010000025,0.019593799486756325,0.02035815455019474,0.020661961287260056,0.020651375874876976
3.7200000010000025,0.019888609647750854,0.020209241658449173,0.02068142592906952,0.0204666368663311
3.7200000010000025,0.019888609647750854,0.020209241658449173,0.02068142592906952,0.0204666368663311
3.740000000000002,0.021158166229724884,0.020611081272363663,0.02140183560550213,0.0205579474568367
3.740000000000002,0.021158166229724884,0.020611081272363663,0.02140183560550213,0.0205579474568367
3.740000000000002,0.019296471029520035,0.02071276307106018,0.020608356222510338,0.01979437842965126
3.740000000000002,0.019296471029520035,0.02071276307106018,0.020608356222510338,0.01979437842965126
3.7600000010000016,0.019661221653223038,0.020020073279738426,0.020143356174230576,0.020227231085300446
3.7600000010000016,0.019661221653223038,0.020020073279738426,0.020143356174230576,0.020227231085300446
3.7600000010000016,0.019970444962382317,0.02028907649219036,0.019937431439757347,0.020485322922468185
3.7600000010000016,0.019970444962382317,0.02028907649219036,0.019937431439757347,0.020485322922468185
3.780000000000001,0.019927190616726875,0.020509444177150726,0.019972259178757668,0.019578857347369194
3.780000000000001,0.019927190616726875,0.020509444177150726,0.019972259178757668,0.019578857347369194
3.800000001000001,0.020210936665534973,0.019115235656499863,0.01938696578145027,0.01957038603723049
3.800000001000001,0.020210936665534973,0.019115235656499863,0.01938696578145027,0.01957038603723049
3.800000001000001,0.020410817116498947,0.018788333982229233,0.01980922557413578,0.020070860162377357
3.800000001000001,0.020410817116498947,0.018788333982229233,0.01980922557413578,0.020070860162377357
3.8200000000000003,0.01983998343348503,0.020361019298434258,0.021065285429358482,0.02007942646741867
3.8200000000000003,0.01983998343348503,0.020361019298434258,0.021065285429358482,0.02007942646741867
3.840000001,0.020522406324744225,0.01972256787121296,0.020005999132990837,0.019623691216111183
3.840000001,0.020522406324744225,0.01972256787121296,0.020005999132990837,0.019623691216111183
3.840000001,0.019772687926888466,0.01965569332242012,0.019963275641202927,0.020374055951833725
3.840000001,0.019772687926888466,0.01965569332242012,0.019963275641202927,0.020374055951833725
3.860000001000003,0.021248217672109604,0.021340426057577133,0.020538970828056335,0.02098075859248638
3.860000001000003,0.021248217672109604,0.021340426057577133,0.020538970828056335,0.02098075859248638
3.8800000000000026,0.01917560212314129,0.020333467051386833,0.02014133892953396,0.01967543549835682
3.8800000000000026,0.01917560212314129,0.020333467051386833,0.02014133892953396,0.01967543549835682
3.8800000000000026,0.019766230136156082,0.0192938894033432,0.020320996642112732,0.019538993015885353
3.8800000000000026,0.019766230136156082,0.0192938894033432,0.020320996642112732,0.019538993015885353
3.900000001000002,0.02055702731013298,0.02003086917102337,0.02034081518650055,0.01976155675947666
3.900000001000002,0.02055702731013298,0.02003086917102337,0.02034081518650055,0.01976155675947666
3.9200000000000017,0.020352141931653023,0.020156584680080414,0.02041013166308403,0.020625649020075798
3.9200000000000017,0.020352141931653023,0.020156584680080414,0.02041013166308403,0.020625649020075798
3.9200000000000017,0.020048124715685844,0.019912734627723694,0.020154960453510284,0.02073761634528637
3.9200000000000017,0.020048124715685844,0.019912734627723694,0.020154960453510284,0.02073761634528637
3.9400000010000014,0.019293226301670074,0.019672926515340805,0.020460493862628937,0.020490899682044983
3.9400000010000014,0.019293226301670074,0.019672926515340805,0.020460493862628937,0.020490899682044983
3.960000000000001,0.020108334720134735,0.020482491701841354,0.019607599824666977,0.01921667531132698
3.960000000000001,0.020108334720134735,0.020482491701841354,0.019607599824666977,0.01921667531132698
3.960000000000001,0.01912187784910202,0.020333275198936462,0.01970049925148487,0.019688161090016365
3.960000000000001,0.01912187784910202,0.020333275198936462,0.01970049925148487,0.019688161090016365
3.9800000010000005,0.02013440802693367,0.020732678472995758,0.020184196531772614,0.020020300522446632
3.9800000010000005,0.02013440802693367,0.020732678472995758,0.020184196531772614,0.020020300522446632
4.0,0.02037118934094906,0.01970800571143627,0.01983882114291191,0.02029527723789215
4.0,0.02037118934094906,0.01970800571143627,0.01983882114291191,0.02029527723789215
4.0,0.02012006565928459,0.020011359825730324,0.020758703351020813,0.019414076581597328
4.0,0.02012006565928459,0.020011359825730324,0.020758703351020813,0.019414076581597328
4.020000000000003,0.01957009546458721,0.019486917182803154,0.019806211814284325,0.01882592961192131
4.020000000000003,0.01957009546458721,0.019486917182803154,0.019806211814284325,0.01882592961192131
4.040000001000003,0.019505897536873817,0.018849775195121765,0.020499790087342262,0.019565045833587646
4.040000001000003,0.019505897536873817,0.018849775195121765,0.020499790087342262,0.019565045833587646
4.040000001000003,0.020739972591400146,0.019013889133930206,0.019456926733255386,0.019162815064191818
4.040000001000003,0.020739972591400146,0.019013889133930206,0.019456926733255386,0.019162815064191818
4.060000000000002,0.019019288942217827,0.01950179971754551,0.020064061507582664,0.019930139183998108
4.060000000000002,0.019019288942217827,0.01950179971754551,0.020064061507582664,0.019930139183998108
4.080000001000002,0.020412486046552658,0.020083244889974594,0.01867293380200863,0.019874876365065575
4.080000001000002,0.020412486046552658,0.020083244889974594,0.01867293380200863,0.019874876365065575
4.080000001000002,0.019285667687654495,0.021277079358696938,0.01996341161429882,0.019649410620331764
4.080000001000002,0.019285667687654495,0.021277079358696938,0.01996341161429882,0.019649410620331764
4.100000000000001,0.020681368187069893,0.01927681267261505,0.019050607457756996,0.019576899707317352
4.100000000000001,0.020681368187069893,0.01927681267261505,0.019050607457756996,0.019576899707317352
4.100000000000001,0.020422745496034622,0.020175425335764885,0.020585039630532265,0.01946435123682022
4.100000000000001,0.020422745496034622,0.020175425335764885,0.020585039630532265,0.01946435123682022
4.120000001000001,0.01976020447909832,0.02133691869676113,0.020286278799176216,0.01938690058887005
4.120000001000001,0.01976020447909832,0.02133691869676113,0.020286278799176216,0.01938690058887005
4.120000001000001,0.020420337095856667,0.020013771951198578,0.019933683797717094,0.020160380750894547
4.120000001000001,0.020420337095856667,0.020013771951198578,0.019933683797717094,0.020160380750894547
4.140000000000001,0.021012181416153908,0.020602552220225334,0.019730227068066597,0.019960399717092514
4.140000000000001,0.021012181416153908,0.020602552220225334,0.019730227068066597,0.019960399717092514
4.160000001,0.020882368087768555,0.0197445098310709,0.019842777401208878,0.019311364740133286
4.160000001,0.020882368087768555,0.0197445098310709,0.019842777401208878,0.019311364740133286
4.160000001,0.02056187391281128,0.01924586482346058,0.02024262584745884,0.019886979833245277
4.160000001,0.02056187391281128,0.01924586482346058,0.02024262584745884,0.019886979833245277
4.180000001000003,0.02039734460413456,0.01959526352584362,0.01987423188984394,0.019609324634075165
4.180000001000003,0.02039734460413456,0.01959526352584362,0.01987423188984394,0.019609324634075165
4.180000001000003,0.020210592076182365,0.019850147888064384,0.019908202812075615,0.019594410434365273
4.180000001000003,0.020210592076182365,0.019850147888064384,0.019908202812075615,0.019594410434365273
4.200000000000003,0.019827544689178467,0.0196797214448452,0.01971198245882988,0.01958521082997322
4.200000000000003,0.019827544689178467,0.0196797214448452,0.01971198245882988,0.01958521082997322
4.200000000000003,0.01966267079114914,0.019436582922935486,0.02049403451383114,0.01938953623175621
4.200000000000003,0.01966267079114914,0.019436582922935486,0.02049403451383114,0.01938953623175621
4.2200000010000025,0.020362799987196922,0.019520092755556107,0.020156944170594215,0.020367836579680443
4.2200000010000025,0.020362799987196922,0.019520092755556107,0.020156944170594215,0.020367836579680443
4.240000000000002,0.02032456547021866,0.019601106643676758,0.01986437849700451,0.020001040771603584
4.240000000000002,0.02032456547021866,0.019601106643676758,0.01986437849700451,0.020001040771603584
4.240000000000002,0.02021230012178421,0.02096167951822281,0.01971600390970707,0.019793754443526268
4.240000000000002,0.02021230012178421,0.02096167951822281,0.01971600390970707,0.019793754443526268
4.260000001000002,0.019864380359649658,0.020287204533815384,0.020542167127132416,0.02024240233004093
4.260000001000002,0.019864380359649658,0.020287204533815384,0.020542167127132416,0.02024240233004093
4.260000001000002,0.02000809647142887,0.01902153342962265,0.019498005509376526,0.020407699048519135
4.260000001000002,0.02000809647142887,0.01902153342962265,0.019498005509376526,0.020407699048519135
4.280000000000001,0.01991194486618042,0.020077023655176163,0.019937612116336823,0.019774876534938812
4.280000000000001,0.01991194486618042,0.020077023655176163,0.019937612116336823,0.019774876534938812
4.280000000000001,0.01907443068921566,0.019980156794190407,0.01927371695637703,0.01964455284178257
4.300000001000001,0.01907443068921566,0.019980156794190407,0.01927371695637703,0.01964455284178257
4.300000001000001,0.02079022489488125,0.019955379888415337,0.02007690630853176,0.019989684224128723
4.300000001000001,0.02079022489488125,0.019955379888415337,0.02007690630853176,0.019989684224128723
4.32,0.020381292328238487,0.020345818251371384,0.020575081929564476,0.020045330747961998
4.32,0.020381292328238487,0.020345818251371384,0.020575081929564476,0.020045330747961998
4.32,0.02069908194243908,0.018819166347384453,0.020122436806559563,0.019890083000063896
4.32,0.02069908194243908,0.018819166347384453,0.020122436806559563,0.019890083000063896
4.340000001,0.019787563011050224,0.02042199857532978,0.020297233015298843,0.01907782070338726
4.340000001,0.019787563011050224,0.02042199857532978,0.020297233015298843,0.01907782070338726
4.340000001,0.019641874358057976,0.019505353644490242,0.019690468907356262,0.020283780992031097
4.340000001,0.019641874358057976,0.019505353644490242,0.019690468907356262,0.020283780992031097
4.360000001000003,0.02025466598570347,0.01976596936583519,0.02032407931983471,0.020077122375369072
4.360000001000003,0.02025466598570347,0.01976596936583519,0.02032407931983471,0.020077122375369072
4.360000001000003,0.020595289766788483,0.02020968310534954,0.020597223192453384,0.019912751391530037
4.380000000000003,0.020595289766788483,0.02020968310534954,0.020597223192453384,0.019912751391530037
4.380000000000003,0.02101948671042919,0.020663732662796974,0.020236270502209663,0.01994457095861435
4.380000000000003,0.02101948671042919,0.020663732662796974,0.020236270502209663,0.01994457095861435
4.400000001000002,0.019332097843289375,0.020176058635115623,0.019869113340973854,0.01985122449696064
4.400000001000002,0.019332097843289375,0.020176058635115623,0.019869113340973854,0.01985122449696064
4.400000001000002,0.020164255052804947,0.01974383369088173,0.02030446007847786,0.019862838089466095
4.400000001000002,0.020164255052804947,0.01974383369088173,0.02030446007847786,0.019862838089466095
4.420000000000002,0.019367745146155357,0.019842898473143578,0.02036641724407673,0.01971532218158245
4.420000000000002,0.019367745146155357,0.019842898473143578,0.02036641724407673,0.01971532218158245
4.440000001000001,0.020061085000634193,0.02040187269449234,0.02102523483335972,0.02003876492381096
4.440000001000001,0.020061085000634193,0.02040187269449234,0.02102523483335972,0.02003876492381096
4.440000001000001,0.019678886979818344,0.020187653601169586,0.021506525576114655,0.02053053118288517
4.440000001000001,0.019678886979818344,0.020187653601169586,0.021506525576114655,0.02053053118288517
4.460000000000001,0.019454384222626686,0.019635260105133057,0.019464390352368355,0.020931469276547432
4.460000000000001,0.019454384222626686,0.019635260105133057,0.019464390352368355,0.020931469276547432
4.4800000010000005,0.0206502266228199,0.019286667928099632,0.020117515698075294,0.020349880680441856
4.4800000010000005,0.0206502266228199,0.019286667928099632,0.020117515698075294,0.020349880680441856
4.4800000010000005,0.019743869081139565,0.02039439044892788,0.020541813224554062,0.020125368610024452
4.4800000010000005,0.019743869081139565,0.02039439044892788,0.020541813224554062,0.020125368610024452
4.5,0.02027234621345997,0.020340217277407646,0.020583955571055412,0.01990167610347271
4.5,0.02027234621345997,0.020340217277407646,0.020583955571055412,0.01990167610347271
4.520000000000003,0.020279906690120697,0.02081209607422352,0.020044706761837006,0.019038358703255653
4.520000000000003,0.020279906690120697,0.02081209607422352,0.020044706761837006,0.019038358703255653
4.520000000000003,0.019449666142463684,0.020202506333589554,0.019289398565888405,0.019819853827357292
4.520000000000003,0.019449666142463684,0.020202506333589554,0.019289398565888405,0.019819853827357292
4.540000001000003,0.020779535174369812,0.01941339299082756,0.01939365454018116,0.019277235493063927
4.540000001000003,0.020779535174369812,0.01941339299082756,0.01939365454018116,0.019277235493063927
4.540000001000003,0.020277688279747963,0.019999422132968903,0.019901014864444733,0.019416704773902893
4.540000001000003,0.020277688279747963,0.019999422132968903,0.019901014864444733,0.019416704773902893
4.560000000000002,0.02042817324399948,0.019672980532050133,0.019888680428266525,0.01961454376578331
4.560000000000002,0.02042817324399948,0.019672980532050133,0.019888680428266525,0.01961454376578331
4.580000001000002,0.02008727192878723,0.02072209119796753,0.019762156531214714,0.020816342905163765
4.580000001000002,0.02008727192878723,0.02072209119796753,0.019762156531214714,0.020816342905163765
4.580000001000002,0.019859064370393753,0.020136207342147827,0.01991485059261322,0.020402811467647552
4.580000001000002,0.019859064370393753,0.020136207342147827,0.01991485059261322,0.020402811467647552
4.600000000000001,0.01999766379594803,0.020538682118058205,0.019702589139342308,0.0208454392850399
4.600000000000001,0.01999766379594803,0.020538682118058205,0.019702589139342308,0.0208454392850399
4.620000001000001,0.020208189263939857,0.01950395479798317,0.019947893917560577,0.020228322595357895
4.620000001000001,0.020208189263939857,0.01950395479798317,0.019947893917560577,0.020228322595357895
4.640000000000001,0.019953221082687378,0.01937064714729786,0.01970098540186882,0.020113442093133926
4.660000001,0.01897263340651989,0.019060706719756126,0.020840171724557877,0.020438289269804955
4.700000000000003,0.01978771761059761,0.0192229263484478,0.019666729494929314,0.02019471675157547
4.7200000010000025,0.020070793107151985,0.020188475027680397,0.019353853538632393,0.020035425201058388
4.740000000000002,0.019033605232834816,0.019473232328891754,0.02030481956899166,0.020434239879250526
4.780000000000001,0.01873927377164364,0.019737832248210907,0.020017415285110474,0.019973210990428925
4.800000001000001,0.021283229812979698,0.02047223411500454,0.019285226240754128,0.019944926723837852
4.82,0.01883026584982872,0.019644394516944885,0.02054874412715435,0.019953280687332153
4.860000001000003,0.02085856907069683,0.020544322207570076,0.019621554762125015,0.0200425423681736
4.880000000000003,0.020206112414598465,0.020588042214512825,0.018992232158780098,0.02069760486483574
4.900000001000002,0.019889501854777336,0.02030431665480137,0.01955518312752247,0.019958797842264175
4.940000001000001,0.021077340468764305,0.019902445375919342,0.019859224557876587,0.02047770284116268
4.960000000000001,0.02039821818470955,0.02031119354069233,0.019611475989222527,0.020057210698723793
4.9800000010000005,0.020090660080313683,0.020325152203440666,0.019609849900007248,0.0193954948335886
5.0,0.020913751795887947,0.0204570721834898,0.020658662542700768,0.020636366680264473
5.040000001000003,0.02011794224381447,0.01991034299135208,0.020214449614286423,0.020131725817918777
5.060000000000002,0.021064365282654762,0.019841771572828293,0.01971311680972576,0.020232360810041428
5.080000001000002,0.02015351504087448,0.020276160910725594,0.020220737904310226,0.020645560696721077
5.120000001000001,0.020383257418870926,0.019308175891637802,0.020029665902256966,0.01978314109146595
5.140000000000001,0.02022208273410797,0.020135458558797836,0.019673805683851242,0.020838826894760132
5.160000001,0.019988734275102615,0.019210992380976677,0.019620070233941078,0.019793763756752014
5.180000001000003,0.020358318462967873,0.020113490521907806,0.020589469000697136,0.0196212325245142
5.200000000000003,0.01943950168788433,0.019158348441123962,0.02038777805864811,0.019657906144857407
5.240000000000002,0.020741425454616547,0.01954040117561817,0.02039346471428871,0.020506618544459343
5.260000001000002,0.01968027837574482,0.020746266469359398,0.020344719290733337,0.01976550929248333
5.300000001000001,0.019314339384436607,0.020690495148301125,0.01933051459491253,0.019802337512373924
5.32,0.020040366798639297,0.019796187058091164,0.019661501049995422,0.019261181354522705
5.340000001,0.019960736855864525,0.0201669093221426,0.020286502316594124,0.019841663539409637
5.360000001000003,0.02075706422328949,0.019038883969187737,0.020564936101436615,0.02051348052918911
5.400000001000002,0.018975775688886642,0.020250245928764343,0.020130259916186333,0.018857009708881378
5.420000000000002,0.02030935138463974,0.02012747898697853,0.020158682018518448,0.019765209406614304
5.440000001000001,0.019980749115347862,0.020889533683657646,0.02034781314432621,0.020224381238222122
5.4800000010000005,0.01992601342499256,0.02056894451379776,0.019884910434484482,0.020213337615132332
5.5,0.019622325897216797,0.020058896392583847,0.019643429666757584,0.019984878599643707
5.520000000000003,0.019673475995659828,0.020592235028743744,0.019200176000595093,0.019755618646740913
5.540000001000003,0.020356398075819016,0.019192233681678772,0.019858185201883316,0.01969708688557148
5.580000001000002,0.01985953375697136,0.01996718905866146,0.01925286278128624,0.01873934641480446
5.600000000000001,0.020496979355812073,0.020408622920513153,0.019901093095541,0.019647473469376564
5.620000001000001,0.020459627732634544,0.020035559311509132,0.020107876509428024,0.01985994353890419
5.660000001,0.020055711269378662,0.019622033461928368,0.020128626376390457,0.020482389256358147
5.680000001000003,0.019771408289670944,0.019797036424279213,0.01965801604092121,0.0207186508923769
5.700000000000003,0.020142216235399246,0.02003539353609085,0.020121153444051743,0.02009802870452404
5.740000000000002,0.019619492813944817,0.019979072734713554,0.020163876935839653,0.020140718668699265
5.760000001000002,0.019539931789040565,0.02065495029091835,0.020095739513635635,0.019744589924812317
5.800000001000001,0.019811641424894333,0.020278258249163628,0.020538384094834328,0.020651130005717278
5.82,0.020100263878703117,0.020595522597432137,0.01977795921266079,0.019885871559381485
5.860000001000003,0.019610777497291565,0.0199432373046875,0.01984623447060585,0.019726691767573357
5.880000000000003,0.019871197640895844,0.020466342568397522,0.02062741294503212,0.019336409866809845
5.900000001000002,0.019549479708075523,0.02099696733057499,0.02069520205259323,0.020146233960986137
5.920000000000002,0.019833797588944435,0.02016620710492134,0.019341515377163887,0.019725987687706947
5.960000000000001,0.020012395456433296,0.020174333825707436,0.019551442936062813,0.020183676853775978
5.9800000010000005,0.019597597420215607,0.019599610939621925,0.01998957432806492,0.020018815994262695
6.020000000000003,0.01936318539083004,0.01948384940624237,0.020214712247252464,0.019578298553824425
6.040000001000003,0.02028956450521946,0.019968928769230843,0.02020292915403843,0.01981344446539879
6.060000000000002,0.020378772169351578,0.020439771935343742,0.020186107605695724,0.0198458693921566
6.100000000000001,0.019733358174562454,0.02089727111160755,0.020375629886984825,0.01983281783759594
6.120000001000001,0.01950821280479431,0.020023291930556297,0.01914798654615879,0.02007632702589035
6.160000001,0.020152030512690544,0.020067736506462097,0.01925538294017315,0.019966447725892067
6.180000001000003,0.019453616812825203,0.01886201836168766,0.019394222646951675,0.02105405554175377
6.200000000000003,0.020304175093770027,0.01964155025780201,0.02090342529118061,0.019438745453953743
6.240000000000002,0.020353006199002266,0.02040959522128105,0.020471084862947464,0.020340338349342346
6.260000001000002,0.01920562982559204,0.02043507993221283,0.01917133666574955,0.020122503861784935
6.280000000000001,0.020948726683855057,0.020418275147676468,0.019988827407360077,0.020156439393758774
6.32,0.020246176049113274,0.019996145740151405,0.019571412354707718,0.020592572167515755
6.340000001,0.02074492536485195,0.020229248329997063,0.019806282594799995,0.019643587991595268
6.360000001000003,0.01881219632923603,0.019719867035746574,0.019468219950795174,0.019168637692928314
6.400000001000002,0.019955292344093323,0.01936906948685646,0.020150259137153625,0.02012328803539276
6.420000000000002,0.02079535461962223,0.018835050985217094,0.020130068063735962,0.020490409806370735
6.440000001000001,0.019992569461464882,0.02065465599298477,0.020001651719212532,0.02077888324856758
6.460000000000001,0.020178139209747314,0.019495008513331413,0.020474260672926903,0.019004207104444504
6.4800000010000005,0.019956059753894806,0.019147947430610657,0.021108463406562805,0.021104222163558006
6.5,0.019922684878110886,0.01955660618841648,0.020241208374500275,0.02003517560660839
6.540000001000003,0.020109012722969055,0.019746288657188416,0.019665023311972618,0.019867995753884315
6.560000000000002,0.019580716267228127,0.019025396555662155,0.019284354522824287,0.019659491255879402
6.580000001000002,0.02063344046473503,0.020185528323054314,0.019784441217780113,0.019915318116545677
6.620000001000001,0.020059950649738312,0.019680852070450783,0.020182322710752487,0.020277773961424828
6.640000000000001,0.01919756457209587,0.020325791090726852,0.020382830873131752,0.019434724003076553
6.660000001,0.02017897553741932,0.018925044685602188,0.0209532231092453,0.01914443075656891
6.680000001000003,0.020911777392029762,0.020663704723119736,0.020556071773171425,0.01983301341533661
6.700000000000003,0.02000630833208561,0.02032126672565937,0.020007558166980743,0.019801320508122444
6.7200000010000025,0.02044164389371872,0.019896341487765312,0.01930841989815235,0.02018263377249241
6.760000001000002,0.019653303548693657,0.019699009135365486,0.020313424989581108,0.02046693116426468
6.780000000000001,0.0203680619597435,0.0195214431732893,0.0206937026232481,0.02034195140004158
6.82,0.020115068182349205,0.019273623824119568,0.020570853725075722,0.020212257280945778
6.840000001,0.020011475309729576,0.019393108785152435,0.01983308605849743,0.0209627877920866
6.860000001000003,0.020489491522312164,0.019684750586748123,0.02113242819905281,0.01942545548081398
6.880000000000003,0.02098187245428562,0.02007382921874523,0.020614400506019592,0.02013152278959751
6.900000001000002,0.019962333142757416,0.01946934685111046,0.021376946941018105,0.020120929926633835
6.920000000000002,0.019283203408122063,0.02017039991915226,0.020503858104348183,0.019715217873454094
6.940000001000001,0.02031884528696537,0.019985103979706764,0.020753182470798492,0.019854752346873283
6.9800000010000005,0.02048618532717228,0.020498432219028473,0.01978422701358795,0.02017415501177311
7.0,0.020066190510988235,0.01978699117898941,0.01894933357834816,0.020222458988428116
7.040000001000003,0.02012270875275135,0.019763920456171036,0.01981562376022339,0.019758297130465508
7.060000000000002,0.020369699224829674,0.01940351165831089,0.019543614238500595,0.020629191771149635
7.080000001000002,0.020004315301775932,0.02056463435292244,0.02021247334778309,0.019691118970513344
7.100000000000001,0.019875185564160347,0.020382152870297432,0.02044535055756569,0.01930500939488411
7.140000000000001,0.01967940479516983,0.020647604018449783,0.01996421068906784,0.020105788484215736
7.160000001,0.019668659195303917,0.02007303200662136,0.020176149904727936,0.019524065777659416
7.180000001000003,0.019429169595241547,0.01971825398504734,0.01967690885066986,0.020548731088638306
7.200000000000003,0.020336991176009178,0.019817644730210304,0.01976774074137211,0.02058602310717106
7.2200000010000025,0.019158126786351204,0.020389746874570847,0.019833648577332497,0.02001676894724369
7.260000001000002,0.019807906821370125,0.01943422667682171,0.020084645599126816,0.021046876907348633
7.280000000000001,0.019959691911935806,0.020538682118058205,0.020095791667699814,0.019734174013137817
7.32,0.019009007140994072,0.01925521530210972,0.02035677805542946,0.020031843334436417
7.340000001,0.020099084824323654,0.020303886383771896,0.019362812861800194,0.020559396594762802
7.360000001000003,0.019712619483470917,0.019371088594198227,0.019922256469726562,0.019688308238983154
7.400000001000002,0.020307572558522224,0.02048596180975437,0.019630126655101776,0.019366426393389702
7.420000000000002,0.02011871710419655,0.019666606560349464,0.020118236541748047,0.01985098607838154
7.440000001000001,0.019662167876958847,0.01955605298280716,0.01972327195107937,0.020014861598610878
7.4800000010000005,0.020472077652812004,0.0205021221190691,0.01950438693165779,0.0194549523293972
7.520000000000003,0.019046062603592873,0.020689306780695915,0.020706456154584885,0.01958729885518551
7.540000001000003,0.019995102658867836,0.019627895206212997,0.019768957048654556,0.020540477707982063
7.560000000000002,0.019462404772639275,0.019787753000855446,0.020758382976055145,0.02046721801161766
7.580000001000002,0.019880451261997223,0.020199870690703392,0.019710645079612732,0.02080666646361351
7.620000001000001,0.020005391910672188,0.019219238311052322,0.019538721069693565,0.02028653956949711
7.640000000000001,0.019945692270994186,0.020102521404623985,0.019666505977511406,0.020375559106469154
7.660000001,0.020150836557149887,0.020330281928181648,0.020419975742697716,0.02025962620973587
7.700000000000003,0.020771274343132973,0.02030354179441929,0.019816800951957703,0.020204342901706696
7.740000000000002,0.019846351817250252,0.020003799349069595,0.020164093002676964,0.019763387739658356
7.760000001000002,0.019955618306994438,0.020348040387034416,0.020145289599895477,0.02075466699898243
7.800000001000001,0.019402267411351204,0.019729619845747948,0.019423719495534897,0.019775591790676117
7.840000001,0.02002696692943573,0.019621320068836212,0.020008839666843414,0.019755972549319267
7.860000001000003,0.020188406109809875,0.020396243780851364,0.02079051174223423,0.01885749213397503
7.880000000000003,0.02048661932349205,0.020108165219426155,0.019840985536575317,0.019809789955615997
7.920000000000002,0.02032192423939705,0.02051379531621933,0.01960700936615467,0.019189171493053436
7.940000001000001,0.020373791456222534,0.02083333395421505,0.02039395086467266,0.020615337416529655
7.960000000000001,0.02050914242863655,0.020501360297203064,0.019728485494852066,0.020850174129009247
8.0,0.019139667972922325,0.02031274326145649,0.020479563623666763,0.020702028647065163
8.020000000000003,0.020339377224445343,0.01932724565267563,0.02011774480342865,0.021117454394698143
8.060000000000002,0.019634369760751724,0.021139608696103096,0.019371768459677696,0.02016991749405861
8.100000000000001,0.01895454153418541,0.021027492359280586,0.020461903885006905,0.020494800060987473
8.120000001000001,0.020178623497486115,0.019750352948904037,0.01952463574707508,0.02027093432843685
8.14,0.019346272572875023,0.019897587597370148,0.020198224112391472,0.019722046330571175
8.180000001000003,0.019848322495818138,0.020110802724957466,0.02012796513736248,0.019498150795698166
8.200000000000003,0.020273998379707336,0.020059259608387947,0.01979299820959568,0.020423267036676407
8.240000000000002,0.020544508472085,0.019429391250014305,0.020014384761452675,0.020231667906045914
8.280000000000001,0.02007431909441948,0.01954297535121441,0.019915414974093437,0.019999992102384567
8.300000001,0.019841685891151428,0.020242875441908836,0.0202689990401268,0.020015155896544456
8.340000001,0.01996195688843727,0.021144583821296692,0.020179860293865204,0.020050285384058952
8.360000001000003,0.02038290537893772,0.02021779492497444,0.020004000514745712,0.020123742520809174
8.380000000000003,0.019927430897951126,0.020049724727869034,0.020719313994050026,0.019838277250528336
8.400000001000002,0.019366635009646416,0.020483946427702904,0.01915550045669079,0.019535185769200325
8.420000000000002,0.019711026921868324,0.02017359621822834,0.02024584822356701,0.01971541903913021
8.46,0.020065827295184135,0.020020276308059692,0.020254407078027725,0.020122889429330826
8.480000001,0.020549748092889786,0.02053181827068329,0.020447267219424248,0.019291387870907784
8.520000000000003,0.019874876365065575,0.019333241507411003,0.01998012512922287,0.020124267786741257
8.540000001000003,0.019708825275301933,0.020169632509350777,0.020249610766768456,0.02000589296221733
8.580000001000002,0.02058989740908146,0.020554332062602043,0.019569555297493935,0.0195639505982399
8.600000000000001,0.020958760753273964,0.01945536769926548,0.019615501165390015,0.020776139572262764
8.620000001000001,0.019329184666275978,0.020565887913107872,0.019974948838353157,0.0201041828840971
8.660000001,0.020692957565188408,0.02029413916170597,0.020331257954239845,0.019738780334591866
8.700000000000003,0.01931574195623398,0.020528972148895264,0.0202515609562397,0.020190246403217316
8.720000001000002,0.019473908469080925,0.020403016358613968,0.020283281803131104,0.020583320409059525
8.760000001000002,0.019015608355402946,0.019839705899357796,0.019176067784428596,0.019558347761631012
8.780000000000001,0.02056962437927723,0.020290568470954895,0.020382516086101532,0.019982442259788513
8.82,0.02073102630674839,0.020201586186885834,0.01977100595831871,0.020159056410193443
8.840000001,0.01927841082215309,0.01941964216530323,0.01912030205130577,0.021375281736254692
8.880000000000003,0.019766397774219513,0.020067589357495308,0.01999342069029808,0.019908178597688675
8.900000001000002,0.018930278718471527,0.01998673751950264,0.01968572661280632,0.02052394114434719
8.920000000000002,0.019220992922782898,0.019619302824139595,0.020280681550502777,0.020091935992240906
8.96,0.020415786653757095,0.019721075892448425,0.02078612893819809,0.02063419111073017
8.980000001,0.019421709701418877,0.020902080461382866,0.019735705107450485,0.019867796450853348
9.0,0.02044832333922386,0.020186059176921844,0.019548995420336723,0.01968514733016491
9.020000000000003,0.019984282553195953,0.021051501855254173,0.020316120237112045,0.01978144980967045
9.060000000000002,0.019855530932545662,0.02006351761519909,0.01926160417497158,0.019219301640987396
9.080000001000002,0.02000572346150875,0.019697345793247223,0.020318016409873962,0.01952071115374565
9.120000001000001,0.01875545270740986,0.020539503544569016,0.019763637334108353,0.02089684084057808
9.14,0.019209275022149086,0.020411403849720955,0.019440792500972748,0.019917385652661324
9.180000001000003,0.019345708191394806,0.01964728534221649,0.019033275544643402,0.019859833642840385
9.220000001000002,0.01950947381556034,0.020574234426021576,0.01994905062019825,0.0195524450391531
9.240000000000002,0.019722972065210342,0.01945587433874607,0.01937781274318695,0.020164400339126587
9.360000001000003,0.01998762972652912,0.02012685313820839,0.01952274702489376,0.021165691316127777
9.5,0.01907113380730152,0.0195268914103508,0.019847441464662552,0.01946023665368557
9.620000001000001,0.02028106153011322,0.01943821646273136,0.02068031206727028,0.019980929791927338
9.720000001000002,0.01960727386176586,0.018699342384934425,0.02053338661789894,0.020668169483542442
9.840000001,0.020892636850476265,0.019131556153297424,0.019360080361366272,0.01911589875817299
9.96,0.01923847198486328,0.020037896931171417,0.01995074190199375,0.01936347410082817
10.120000001000001,0.01948942244052887,0.01980474591255188,0.020080870017409325,0.020467882975935936
10.240000000000002,0.020139383152127266,0.020492253825068474,0.019983122125267982,0.019939182326197624
10.340000001,0.02089904062449932,0.021023835986852646,0.019889863207936287,0.01967618055641651
10.480000001,0.019949274137616158,0.02091793715953827,0.020244864746928215,0.020277973264455795
10.660000001,0.019449539482593536,0.020549112930893898,0.019949540495872498,0.020115569233894348
10.760000001000002,0.02002372406423092,0.01965068094432354,0.02007105015218258,0.01928863488137722
10.880000000000003,0.01893766224384308,0.019461045041680336,0.02021198906004429,0.019365420565009117
11.0,0.020849207416176796,0.019212981685996056,0.02073581889271736,0.01896556094288826
11.100000000000001,0.020713724195957184,0.019163107499480247,0.019639382138848305,0.020927337929606438
11.220000001000002,0.01888163946568966,0.020600011572241783,0.019593587145209312,0.020514562726020813
11.360000001000003,0.02039758861064911,0.02002837136387825,0.01991662196815014,0.020032687112689018
11.46,0.020117124542593956,0.01897297613322735,0.019802626222372055,0.020882118493318558
11.580000001000002,0.019960524514317513,0.020469851791858673,0.01991310343146324,0.019318660721182823
11.700000000000003,0.019633740186691284,0.01957755722105503,0.019920384511351585,0.020275739952921867
11.800000001,0.020164866000413895,0.021154096350073814,0.01983998902142048,0.019533487036824226
11.920000000000002,0.02110273391008377,0.02014078199863434,0.02038474567234516,0.02048306353390217
12.020000000000003,0.020573480054736137,0.01992793381214142,0.020110873505473137,0.0208590067923069
12.120000001000001,0.019736245274543762,0.01976100355386734,0.019527850672602654,0.019309332594275475
12.260000001000002,0.020465584471821785,0.019705159589648247,0.020144430920481682,0.020093217492103577
12.380000000000003,0.01927277259528637,0.02002933993935585,0.019623225554823875,0.02021379955112934
12.5,0.020051509141921997,0.01934136264026165,0.02018570341169834,0.02012775093317032
12.580000001000002,0.019627166911959648,0.019712300971150398,0.02043987438082695,0.01920117437839508
12.700000000000003,0.01981780305504799,0.01966398023068905,0.019780242815613747,0.019303390756249428
12.82,0.019358184188604355,0.01942991465330124,0.02060811221599579,0.019441964104771614
12.940000001000001,0.02007335051894188,0.0198968518525362,0.020388061180710793,0.01961476355791092
13.040000001000003,0.019837183877825737,0.01928001269698143,0.020355086773633957,0.019946511834859848
13.160000001,0.019738048315048218,0.02016703598201275,0.020390769466757774,0.019053222611546516
13.280000000000001,0.020896529778838158,0.020270776003599167,0.01954709365963936,0.01996360346674919
13.380000001000006,0.01938515529036522,0.02043595351278782,0.02071668766438961,0.02019641362130642
13.499999999999993,0.01995806023478508,0.019121836870908737,0.02039891853928566,0.02002114988863468
13.620000001000001,0.02102225087583065,0.019360588863492012,0.01976742409169674,0.02143085189163685
13.740000001000006,0.01981237903237343,0.020556215196847916,0.02006787247955799,0.02032630145549774
13.840000001,0.020645081996917725,0.020445190370082855,0.02087591029703617,0.020273691043257713
13.960000001000004,0.02021101862192154,0.020750639960169792,0.01991492137312889,0.019924648106098175
14.059999999999995,0.01999894715845585,0.02037256956100464,0.019505901262164116,0.019450394436717033
14.180000001000003,0.020560454577207565,0.020244024693965912,0.019722891971468925,0.020380478352308273
14.279999999999994,0.019875455647706985,0.019926968961954117,0.01951807364821434,0.02006535232067108
14.380000001000006,0.020243855193257332,0.020474398508667946,0.020366672426462173,0.019172413274645805
14.520000001000007,0.02021515555679798,0.020688265562057495,0.019074607640504837,0.020211417227983475
14.660000000000004,0.020518403500318527,0.019308015704154968,0.019901178777217865,0.02044813148677349
14.820000001000004,0.019595665857195854,0.01950417086482048,0.020008519291877747,0.020044870674610138
14.980000001,0.020314395427703857,0.020241431891918182,0.019832629710435867,0.0206719022244215
15.120000001000001,0.020542331039905548,0.020461570471525192,0.020495431497693062,0.02055874653160572
15.260000001000002,0.020003486424684525,0.0202146265655756,0.01965547539293766,0.020680665969848633
15.419999999999995,0.018785793334245682,0.019629910588264465,0.020310178399086,0.019645104184746742
15.540000001000003,0.019953662529587746,0.020276401191949844,0.020660793408751488,0.019127845764160156
15.660000000000004,0.02012357860803604,0.0211383868008852,0.019573789089918137,0.020286688581109047
15.779999999999994,0.019645262509584427,0.019974542781710625,0.020266899839043617,0.019044699147343636
15.880000001000006,0.019839681684970856,0.01845743879675865,0.019933538511395454,0.019657643511891365
16.000000000000007,0.020086897537112236,0.02000437118113041,0.019623661413788795,0.02043646201491356
16.120000001,0.01978924870491028,0.019221099093556404,0.019580243155360222,0.019899556413292885
16.240000001000006,0.019270189106464386,0.020139411091804504,0.019095154479146004,0.019707156345248222
16.360000000000007,0.019747378304600716,0.01957191713154316,0.02053571119904518,0.01993325911462307
16.460000001000004,0.020351354032754898,0.01923462375998497,0.019692810252308846,0.02030937373638153
16.580000000000005,0.019740402698516846,0.02048397623002529,0.020082423463463783,0.02024793066084385
16.660000000000004,0.019449597224593163,0.019735176116228104,0.019963404163718224,0.01901300624012947
16.760000001,0.01969483494758606,0.020541340112686157,0.019896849989891052,0.02034330926835537
16.840000001,0.019443169236183167,0.020267164334654808,0.02053065225481987,0.020080329850316048
16.960000001000004,0.019592132419347763,0.020079372450709343,0.020210327580571175,0.020325392484664917
17.059999999999995,0.020495686680078506,0.019801251590251923,0.019746148958802223,0.020755626261234283
17.160000000000004,0.01946312189102173,0.01940610073506832,0.018986135721206665,0.02039390802383423
17.260000001,0.02011234126985073,0.02052478864789009,0.02011972665786743,0.019208362326025963
17.380000001000006,0.019607191905379295,0.020180951803922653,0.0199293065816164,0.01955488882958889
17.480000001,0.01971880905330181,0.019867371767759323,0.02042098343372345,0.01992015540599823
17.600000001000005,0.019734719768166542,0.020036786794662476,0.02030642330646515,0.0205292459577322
17.720000000000006,0.01970783993601799,0.019786866381764412,0.019965507090091705,0.019900569692254066
17.840000001,0.0204562246799469,0.019757693633437157,0.019560741260647774,0.01929890178143978
17.940000000000005,0.019451141357421875,0.020840825513005257,0.019422441720962524,0.019798152148723602
18.020000001000007,0.019930262118577957,0.02049502357840538,0.02052915282547474,0.020111773163080215
18.120000001,0.019474724307656288,0.02005576528608799,0.019324859604239464,0.01990707404911518
18.220000000000006,0.020912978798151016,0.02037336491048336,0.02052927389740944,0.019710712134838104
18.300000000000004,0.019969861954450607,0.02049078606069088,0.019261324778199196,0.019068166613578796
18.380000001000006,0.01996125653386116,0.020436055958271027,0.019954724237322807,0.020410606637597084
18.480000001,0.019656285643577576,0.02006179466843605,0.02021360769867897,0.020340153947472572
18.580000000000005,0.020402953028678894,0.020134132355451584,0.019843365997076035,0.019327174872159958
18.680000001000003,0.020378513261675835,0.019594982266426086,0.020499467849731445,0.020228322595357895
18.779999999999994,0.020977208390831947,0.01946072280406952,0.020523561164736748,0.01944015733897686
18.860000000000007,0.020475396886467934,0.020337795838713646,0.0194660946726799,0.019952932372689247
18.960000001000004,0.020830389112234116,0.020134469494223595,0.020065532997250557,0.020651035010814667
19.040000001000003,0.019496601074934006,0.020107973366975784,0.019456826150417328,0.019287634640932083
19.120000001,0.01990894041955471,0.019845938310027122,0.020539743825793266,0.020193014293909073
19.199999999999996,0.020356109365820885,0.020737413316965103,0.020359758287668228,0.019786695018410683
19.260000001,0.019721098244190216,0.02052171342074871,0.02021433413028717,0.02078835479915142
19.360000000000007,0.020340345799922943,0.020681602880358696,0.019609374925494194,0.020074842497706413
19.419999999999995,0.019603734835982323,0.020074203610420227,0.020409049466252327,0.020291762426495552
19.540000001000003,0.019146502017974854,0.019056838005781174,0.02018897421658039,0.019299032166600227
19.660000000000004,0.019971944391727448,0.019376540556550026,0.01978112757205963,0.019816068932414055
19.760000001,0.020508958026766777,0.01968328095972538,0.02092578448355198,0.020981300622224808
19.860000000000007,0.01908993162214756,0.020804010331630707,0.020365748554468155,0.020656907930970192
19.960000001000004,0.019950544461607933,0.02027590572834015,0.02073626220226288,0.020578347146511078
20.059999999999995,0.019948357716202736,0.020100869238376617,0.020243098959326744,0.02027260884642601
20.139999999999993,0.02064364403486252,0.019886011257767677,0.020303674042224884,0.02072194404900074
20.240000001000006,0.01939304731786251,0.019979508593678474,0.019857164472341537,0.020198287442326546
20.320000001000004,0.020111579447984695,0.020065302029252052,0.020687052980065346,0.020574331283569336
20.400000001000002,0.019186081364750862,0.02020498923957348,0.020216917619109154,0.02002309076488018
20.480000001,0.020364515483379364,0.020077282562851906,0.020473722368478775,0.019950421527028084
