x,FL,FR,RL,RR
4.500000000000001,0.019544115290045738,0.019108431413769722,0.020246420055627823,0.02075267769396305
4.500000000000001,0.019544115290045738,0.019108431413769722,0.020246420055627823,0.02075267769396305
4.500000000000001,0.019544115290045738,0.019108431413769722,0.020246420055627823,0.02075267769396305
4.539999999,0.019544115290045738,0.019108431413769722,0.020246420055627823,0.02075267769396305
4.539999999,0.019544115290045738,0.019108431413769722,0.020246420055627823,0.02075267769396305
4.539999999,0.019544115290045738,0.019108431413769722,0.020246420055627823,0.02075267769396305
4.539999999,0.019544115290045738,0.019108431413769722,0.020246420055627823,0.02075267769396305
4.539999999,0.019544115290045738,0.019108431413769722,0.020246420055627823,0.02075267769396305
4.539999999,0.019544115290045738,0.019108431413769722,0.020246420055627823,0.02075267769396305
4.539999999,0.019544115290045738,0.019108431413769722,0.020246420055627823,0.02075267769396305
4.539999999,0.019544115290045738,0.019108431413769722,0.020246420055627823,0.02075267769396305
4.539999999,0.019544115290045738,0.019108431413769722,0.020246420055627823,0.02075267769396305
4.539999999,0.019544115290045738,0.019108431413769722,0.020246420055627823,0.02075267769396305
4.539999999,0.019544115290045738,0.019108431413769722,0.020246420055627823,0.02075267769396305
4.539999999,0.019544115290045738,0.019108431413769722,0.020246420055627823,0.02075267769396305
4.539999999,0.019544115290045738,0.019108431413769722,0.020246420055627823,0.02075267769396305
4.539999999,0.019544115290045738,0.019108431413769722,0.020246420055627823,0.02075267769396305
4.5600000000000005,0.019709354266524315,0.019770948216319084,0.01913972571492195,0.02092539332807064
4.5600000000000005,0.019709354266524315,0.019770948216319084,0.01913972571492195,0.02092539332807064
4.5600000000000005,0.019709354266524315,0.019770948216319084,0.01913972571492195,0.02092539332807064
4.5600000000000005,0.019709354266524315,0.019770948216319084,0.01913972571492195,0.02092539332807064
4.5600000000000005,0.019709354266524315,0.019770948216319084,0.01913972571492195,0.02092539332807064
4.5600000000000005,0.019709354266524315,0.019770948216319084,0.01913972571492195,0.02092539332807064
4.5600000000000005,0.019709354266524315,0.019770948216319084,0.01913972571492195,0.02092539332807064
4.5600000000000005,0.019709354266524315,0.019770948216319084,0.01913972571492195,0.02092539332807064
4.5600000000000005,0.019709354266524315,0.019770948216319084,0.01913972571492195,0.02092539332807064
4.5600000000000005,0.019709354266524315,0.019770948216319084,0.01913972571492195,0.02092539332807064
4.5600000000000005,0.019709354266524315,0.019770948216319084,0.01913972571492195,0.02092539332807064
4.5600000000000005,0.019709354266524315,0.019770948216319084,0.01913972571492195,0.02092539332807064
4.5600000000000005,0.019709354266524315,0.019770948216319084,0.01913972571492195,0.02092539332807064
4.5600000000000005,0.019709354266524315,0.019770948216319084,0.01913972571492195,0.02092539332807064
4.5600000000000005,0.019709354266524315,0.019770948216319084,0.01913972571492195,0.02092539332807064
4.5600000000000005,0.020485075190663338,0.02042229473590851,0.020558945834636688,0.02003489062190056
4.5600000000000005,0.020485075190663338,0.02042229473590851,0.020558945834636688,0.02003489062190056
4.5600000000000005,0.020485075190663338,0.02042229473590851,0.020558945834636688,0.02003489062190056
4.5600000000000005,0.020485075190663338,0.02042229473590851,0.020558945834636688,0.02003489062190056
4.5600000000000005,0.020485075190663338,0.02042229473590851,0.020558945834636688,0.02003489062190056
4.5600000000000005,0.020485075190663338,0.02042229473590851,0.020558945834636688,0.02003489062190056
4.5600000000000005,0.020485075190663338,0.02042229473590851,0.020558945834636688,0.02003489062190056
4.5600000000000005,0.020485075190663338,0.02042229473590851,0.020558945834636688,0.02003489062190056
4.5600000000000005,0.020485075190663338,0.02042229473590851,0.020558945834636688,0.02003489062190056
4.5600000000000005,0.020485075190663338,0.02042229473590851,0.020558945834636688,0.02003489062190056
4.5600000000000005,0.020485075190663338,0.02042229473590851,0.020558945834636688,0.02003489062190056
4.5600000000000005,0.020485075190663338,0.02042229473590851,0.020558945834636688,0.02003489062190056
4.5600000000000005,0.020485075190663338,0.02042229473590851,0.020558945834636688,0.02003489062190056
4.5600000000000005,0.020485075190663338,0.02042229473590851,0.020558945834636688,0.02003489062190056
4.5600000000000005,0.020485075190663338,0.02042229473590851,0.020558945834636688,0.02003489062190056
4.6000000000000005,0.023969542235136032,0.024599211290478706,0.015297883190214634,0.014686268754303455
4.6000000000000005,0.023969542235136032,0.024599211290478706,0.015297883190214634,0.014686268754303455
4.6000000000000005,0.023969542235136032,0.024599211290478706,0.015297883190214634,0.014686268754303455
4.6000000000000005,0.023969542235136032,0.024599211290478706,0.015297883190214634,0.014686268754303455
4.6000000000000005,0.023969542235136032,0.024599211290478706,0.015297883190214634,0.014686268754303455
4.6000000000000005,0.023969542235136032,0.024599211290478706,0.015297883190214634,0.014686268754303455
4.6000000000000005,0.023969542235136032,0.024599211290478706,0.015297883190214634,0.014686268754303455
4.6000000000000005,0.023969542235136032,0.024599211290478706,0.015297883190214634,0.014686268754303455
4.6000000000000005,0.023969542235136032,0.024599211290478706,0.015297883190214634,0.014686268754303455
4.6000000000000005,0.023969542235136032,0.024599211290478706,0.015297883190214634,0.014686268754303455
4.6000000000000005,0.023969542235136032,0.024599211290478706,0.015297883190214634,0.014686268754303455
4.6000000000000005,0.023969542235136032,0.024599211290478706,0.015297883190214634,0.014686268754303455
4.6000000000000005,0.023969542235136032,0.024599211290478706,0.015297883190214634,0.014686268754303455
4.6000000000000005,0.019547268748283386,0.020279334858059883,0.018592769280076027,0.019228162243962288
4.6000000000000005,0.019547268748283386,0.020279334858059883,0.018592769280076027,0.019228162243962288
4.6000000000000005,0.019547268748283386,0.020279334858059883,0.018592769280076027,0.019228162243962288
4.6000000000000005,0.019547268748283386,0.020279334858059883,0.018592769280076027,0.019228162243962288
4.6000000000000005,0.019547268748283386,0.020279334858059883,0.018592769280076027,0.019228162243962288
4.6000000000000005,0.019547268748283386,0.020279334858059883,0.018592769280076027,0.019228162243962288
4.6000000000000005,0.019547268748283386,0.020279334858059883,0.018592769280076027,0.019228162243962288
4.6000000000000005,0.019547268748283386,0.020279334858059883,0.018592769280076027,0.019228162243962288
4.6000000000000005,0.019547268748283386,0.020279334858059883,0.018592769280076027,0.019228162243962288
4.6000000000000005,0.019547268748283386,0.020279334858059883,0.018592769280076027,0.019228162243962288
4.6000000000000005,0.019547268748283386,0.020279334858059883,0.018592769280076027,0.019228162243962288
4.6000000000000005,0.019547268748283386,0.020279334858059883,0.018592769280076027,0.019228162243962288
4.6000000000000005,0.019547268748283386,0.020279334858059883,0.018592769280076027,0.019228162243962288
4.6000000000000005,0.019547268748283386,0.020279334858059883,0.018592769280076027,0.019228162243962288
4.6000000000000005,0.019547268748283386,0.020279334858059883,0.018592769280076027,0.019228162243962288
4.6000000000000005,0.019547268748283386,0.020279334858059883,0.018592769280076027,0.019228162243962288
4.640000000000001,0.019547268748283386,0.020279334858059883,0.018592769280076027,0.019228162243962288
4.640000000000001,0.019547268748283386,0.020279334858059883,0.018592769280076027,0.019228162243962288
4.640000000000001,0.019547268748283386,0.020279334858059883,0.018592769280076027,0.019228162243962288
4.640000000000001,0.019547268748283386,0.020279334858059883,0.018592769280076027,0.019228162243962288
4.640000000000001,0.019547268748283386,0.020279334858059883,0.018592769280076027,0.019228162243962288
4.640000000000001,0.019547268748283386,0.020279334858059883,0.018592769280076027,0.019228162243962288
4.640000000000001,0.019547268748283386,0.020279334858059883,0.018592769280076027,0.019228162243962288
4.640000000000001,0.019547268748283386,0.020279334858059883,0.018592769280076027,0.019228162243962288
4.640000000000001,0.019547268748283386,0.020279334858059883,0.018592769280076027,0.019228162243962288
4.640000000000001,0.019547268748283386,0.020279334858059883,0.018592769280076027,0.019228162243962288
4.640000000000001,0.019547268748283386,0.020279334858059883,0.018592769280076027,0.019228162243962288
4.640000000000001,0.019547268748283386,0.020279334858059883,0.018592769280076027,0.019228162243962288
4.640000000000001,0.019547268748283386,0.020279334858059883,0.018592769280076027,0.019228162243962288
4.640000000000001,0.019547268748283386,0.020279334858059883,0.018592769280076027,0.019228162243962288
4.640000000000001,0.019547268748283386,0.020279334858059883,0.018592769280076027,0.019228162243962288
4.640000000000001,0.029002822935581207,0.028818922117352486,0.011476374231278896,0.011652525514364243
4.640000000000001,0.029002822935581207,0.028818922117352486,0.011476374231278896,0.011652525514364243
4.640000000000001,0.029002822935581207,0.028818922117352486,0.011476374231278896,0.011652525514364243
4.640000000000001,0.029002822935581207,0.028818922117352486,0.011476374231278896,0.011652525514364243
4.640000000000001,0.029002822935581207,0.028818922117352486,0.011476374231278896,0.011652525514364243
4.640000000000001,0.029002822935581207,0.028818922117352486,0.011476374231278896,0.011652525514364243
4.640000000000001,0.029002822935581207,0.028818922117352486,0.011476374231278896,0.011652525514364243
4.640000000000001,0.029002822935581207,0.028818922117352486,0.011476374231278896,0.011652525514364243
4.640000000000001,0.029002822935581207,0.028818922117352486,0.011476374231278896,0.011652525514364243
4.640000000000001,0.029002822935581207,0.028818922117352486,0.011476374231278896,0.011652525514364243
4.640000000000001,0.029002822935581207,0.028818922117352486,0.011476374231278896,0.011652525514364243
4.640000000000001,0.029002822935581207,0.028818922117352486,0.011476374231278896,0.011652525514364243
4.640000000000001,0.029002822935581207,0.028818922117352486,0.011476374231278896,0.011652525514364243
4.640000000000001,0.029002822935581207,0.028818922117352486,0.011476374231278896,0.011652525514364243
4.640000000000001,0.029002822935581207,0.028818922117352486,0.011476374231278896,0.011652525514364243
4.640000000000001,0.029002822935581207,0.028818922117352486,0.011476374231278896,0.011652525514364243
4.640000000000001,0.029002822935581207,0.028818922117352486,0.011476374231278896,0.011652525514364243
4.680000000000001,0.030772823840379715,0.030932024121284485,0.009804047644138336,0.009331585839390755
4.680000000000001,0.030772823840379715,0.030932024121284485,0.009804047644138336,0.009331585839390755
4.680000000000001,0.030772823840379715,0.030932024121284485,0.009804047644138336,0.009331585839390755
4.680000000000001,0.030772823840379715,0.030932024121284485,0.009804047644138336,0.009331585839390755
4.680000000000001,0.030772823840379715,0.030932024121284485,0.009804047644138336,0.009331585839390755
4.680000000000001,0.030772823840379715,0.030932024121284485,0.009804047644138336,0.009331585839390755
4.680000000000001,0.030772823840379715,0.030932024121284485,0.009804047644138336,0.009331585839390755
4.680000000000001,0.030772823840379715,0.030932024121284485,0.009804047644138336,0.009331585839390755
4.680000000000001,0.030772823840379715,0.030932024121284485,0.009804047644138336,0.009331585839390755
4.680000000000001,0.030772823840379715,0.030932024121284485,0.009804047644138336,0.009331585839390755
4.680000000000001,0.030772823840379715,0.030932024121284485,0.009804047644138336,0.009331585839390755
4.680000000000001,0.030772823840379715,0.030932024121284485,0.009804047644138336,0.009331585839390755
4.680000000000001,0.030772823840379715,0.030932024121284485,0.009804047644138336,0.009331585839390755
4.680000000000001,0.030772823840379715,0.030932024121284485,0.009804047644138336,0.009331585839390755
4.680000000000001,0.030772823840379715,0.030932024121284485,0.009804047644138336,0.009331585839390755
4.680000000000001,0.03297695145010948,0.033528149127960205,0.007325269281864166,0.006625194102525711
4.680000000000001,0.03297695145010948,0.033528149127960205,0.007325269281864166,0.006625194102525711
4.680000000000001,0.03297695145010948,0.033528149127960205,0.007325269281864166,0.006625194102525711
4.680000000000001,0.03297695145010948,0.033528149127960205,0.007325269281864166,0.006625194102525711
4.680000000000001,0.03297695145010948,0.033528149127960205,0.007325269281864166,0.006625194102525711
4.680000000000001,0.03297695145010948,0.033528149127960205,0.007325269281864166,0.006625194102525711
4.680000000000001,0.03297695145010948,0.033528149127960205,0.007325269281864166,0.006625194102525711
4.680000000000001,0.03297695145010948,0.033528149127960205,0.007325269281864166,0.006625194102525711
4.680000000000001,0.03297695145010948,0.033528149127960205,0.007325269281864166,0.006625194102525711
4.680000000000001,0.03297695145010948,0.033528149127960205,0.007325269281864166,0.006625194102525711
4.680000000000001,0.03297695145010948,0.033528149127960205,0.007325269281864166,0.006625194102525711
4.680000000000001,0.03297695145010948,0.033528149127960205,0.007325269281864166,0.006625194102525711
4.720000000000001,0.03589705005288124,0.035583093762397766,0.004379375372081995,0.004835402127355337
4.720000000000001,0.03589705005288124,0.035583093762397766,0.004379375372081995,0.004835402127355337
4.720000000000001,0.03589705005288124,0.035583093762397766,0.004379375372081995,0.004835402127355337
4.720000000000001,0.03589705005288124,0.035583093762397766,0.004379375372081995,0.004835402127355337
4.720000000000001,0.03589705005288124,0.035583093762397766,0.004379375372081995,0.004835402127355337
4.720000000000001,0.03589705005288124,0.035583093762397766,0.004379375372081995,0.004835402127355337
4.720000000000001,0.03589705005288124,0.035583093762397766,0.004379375372081995,0.004835402127355337
4.720000000000001,0.03589705005288124,0.035583093762397766,0.004379375372081995,0.004835402127355337
4.720000000000001,0.03589705005288124,0.035583093762397766,0.004379375372081995,0.004835402127355337
4.720000000000001,0.03589705005288124,0.035583093762397766,0.004379375372081995,0.004835402127355337
4.720000000000001,0.03589705005288124,0.035583093762397766,0.004379375372081995,0.004835402127355337
4.720000000000001,0.03589705005288124,0.035583093762397766,0.004379375372081995,0.004835402127355337
4.720000000000001,0.03589705005288124,0.035583093762397766,0.004379375372081995,0.004835402127355337
4.720000000000001,0.03589705005288124,0.035583093762397766,0.004379375372081995,0.004835402127355337
4.720000000000001,0.03589705005288124,0.035583093762397766,0.004379375372081995,0.004835402127355337
4.720000000000001,0.037482842803001404,0.03777076303958893,0.0033309345599263906,0.0016015450237318873
4.720000000000001,0.037482842803001404,0.03777076303958893,0.0033309345599263906,0.0016015450237318873
4.720000000000001,0.037482842803001404,0.03777076303958893,0.0033309345599263906,0.0016015450237318873
4.720000000000001,0.037482842803001404,0.03777076303958893,0.0033309345599263906,0.0016015450237318873
4.720000000000001,0.037482842803001404,0.03777076303958893,0.0033309345599263906,0.0016015450237318873
4.720000000000001,0.037482842803001404,0.03777076303958893,0.0033309345599263906,0.0016015450237318873
4.720000000000001,0.037482842803001404,0.03777076303958893,0.0033309345599263906,0.0016015450237318873
4.720000000000001,0.037482842803001404,0.03777076303958893,0.0033309345599263906,0.0016015450237318873
4.720000000000001,0.037482842803001404,0.03777076303958893,0.0033309345599263906,0.0016015450237318873
4.720000000000001,0.037482842803001404,0.03777076303958893,0.0033309345599263906,0.0016015450237318873
4.720000000000001,0.037482842803001404,0.03777076303958893,0.0033309345599263906,0.0016015450237318873
4.720000000000001,0.037482842803001404,0.03777076303958893,0.0033309345599263906,0.0016015450237318873
4.720000000000001,0.037482842803001404,0.03777076303958893,0.0033309345599263906,0.0016015450237318873
4.720000000000001,0.037482842803001404,0.03777076303958893,0.0033309345599263906,0.0016015450237318873
4.720000000000001,0.037482842803001404,0.03777076303958893,0.0033309345599263906,0.0016015450237318873
4.760000000000001,0.040130019187927246,0.039482224732637405,0.00015544907364528626,0.0005611287779174745
4.760000000000001,0.040130019187927246,0.039482224732637405,0.00015544907364528626,0.0005611287779174745
4.760000000000001,0.040130019187927246,0.039482224732637405,0.00015544907364528626,0.0005611287779174745
4.760000000000001,0.040130019187927246,0.039482224732637405,0.00015544907364528626,0.0005611287779174745
4.760000000000001,0.040130019187927246,0.039482224732637405,0.00015544907364528626,0.0005611287779174745
4.760000000000001,0.040130019187927246,0.039482224732637405,0.00015544907364528626,0.0005611287779174745
4.760000000000001,0.040130019187927246,0.039482224732637405,0.00015544907364528626,0.0005611287779174745
4.760000000000001,0.040130019187927246,0.039482224732637405,0.00015544907364528626,0.0005611287779174745
4.760000000000001,0.040130019187927246,0.039482224732637405,0.00015544907364528626,0.0005611287779174745
4.760000000000001,0.040130019187927246,0.039482224732637405,0.00015544907364528626,0.0005611287779174745
4.760000000000001,0.040130019187927246,0.039482224732637405,0.00015544907364528626,0.0005611287779174745
4.760000000000001,0.040130019187927246,0.039482224732637405,0.00015544907364528626,0.0005611287779174745
4.760000000000001,0.040130019187927246,0.039482224732637405,0.00015544907364528626,0.0005611287779174745
4.760000000000001,0.040130019187927246,0.039482224732637405,0.00015544907364528626,0.0005611287779174745
4.760000000000001,0.040130019187927246,0.039482224732637405,0.00015544907364528626,0.0005611287779174745
4.760000000000001,0.019312981516122818,0.01983339712023735,0.019969815388321877,0.01933751255273819
4.760000000000001,0.019312981516122818,0.01983339712023735,0.019969815388321877,0.01933751255273819
4.760000000000001,0.019312981516122818,0.01983339712023735,0.019969815388321877,0.01933751255273819
4.760000000000001,0.019312981516122818,0.01983339712023735,0.019969815388321877,0.01933751255273819
4.760000000000001,0.019312981516122818,0.01983339712023735,0.019969815388321877,0.01933751255273819
4.760000000000001,0.019312981516122818,0.01983339712023735,0.019969815388321877,0.01933751255273819
4.760000000000001,0.019312981516122818,0.01983339712023735,0.019969815388321877,0.01933751255273819
4.760000000000001,0.019312981516122818,0.01983339712023735,0.019969815388321877,0.01933751255273819
4.760000000000001,0.019312981516122818,0.01983339712023735,0.019969815388321877,0.01933751255273819
4.760000000000001,0.019312981516122818,0.01983339712023735,0.019969815388321877,0.01933751255273819
4.760000000000001,0.019312981516122818,0.01983339712023735,0.019969815388321877,0.01933751255273819
4.760000000000001,0.019312981516122818,0.01983339712023735,0.019969815388321877,0.01933751255273819
4.760000000000001,0.019312981516122818,0.01983339712023735,0.019969815388321877,0.01933751255273819
4.800000000000001,0.019312981516122818,0.01983339712023735,0.019969815388321877,0.01933751255273819
4.800000000000001,0.019312981516122818,0.01983339712023735,0.019969815388321877,0.01933751255273819
4.800000000000001,0.019312981516122818,0.01983339712023735,0.019969815388321877,0.01933751255273819
4.800000000000001,0.019312981516122818,0.01983339712023735,0.019969815388321877,0.01933751255273819
4.800000000000001,0.019312981516122818,0.01983339712023735,0.019969815388321877,0.01933751255273819
4.800000000000001,0.019312981516122818,0.01983339712023735,0.019969815388321877,0.01933751255273819
4.800000000000001,0.019312981516122818,0.01983339712023735,0.019969815388321877,0.01933751255273819
4.800000000000001,0.019312981516122818,0.01983339712023735,0.019969815388321877,0.01933751255273819
4.800000000000001,0.019312981516122818,0.01983339712023735,0.019969815388321877,0.01933751255273819
4.800000000000001,0.019312981516122818,0.01983339712023735,0.019969815388321877,0.01933751255273819
4.800000000000001,0.019312981516122818,0.01983339712023735,0.019969815388321877,0.01933751255273819
4.800000000000001,0.019312981516122818,0.01983339712023735,0.019969815388321877,0.01933751255273819
4.800000000000001,0.019312981516122818,0.01983339712023735,0.019969815388321877,0.01933751255273819
4.800000000000001,0.019312981516122818,0.01983339712023735,0.019969815388321877,0.01933751255273819
4.800000000000001,0.019312981516122818,0.01983339712023735,0.019969815388321877,0.01933751255273819
4.800000000000001,0.019312981516122818,0.01983339712023735,0.019969815388321877,0.01933751255273819
4.800000000000001,0.04148302599787712,0.04220307245850563,-0.002052716910839081,-0.0017089778557419777
4.800000000000001,0.04148302599787712,0.04220307245850563,-0.002052716910839081,-0.0017089778557419777
4.800000000000001,0.04148302599787712,0.04220307245850563,-0.002052716910839081,-0.0017089778557419777
4.800000000000001,0.04148302599787712,0.04220307245850563,-0.002052716910839081,-0.0017089778557419777
4.800000000000001,0.04148302599787712,0.04220307245850563,-0.002052716910839081,-0.0017089778557419777
4.800000000000001,0.04148302599787712,0.04220307245850563,-0.002052716910839081,-0.0017089778557419777
4.800000000000001,0.04148302599787712,0.04220307245850563,-0.002052716910839081,-0.0017089778557419777
4.800000000000001,0.04148302599787712,0.04220307245850563,-0.002052716910839081,-0.0017089778557419777
4.800000000000001,0.04148302599787712,0.04220307245850563,-0.002052716910839081,-0.0017089778557419777
4.800000000000001,0.04148302599787712,0.04220307245850563,-0.002052716910839081,-0.0017089778557419777
4.800000000000001,0.04148302599787712,0.04220307245850563,-0.002052716910839081,-0.0017089778557419777
4.800000000000001,0.04148302599787712,0.04220307245850563,-0.002052716910839081,-0.0017089778557419777
4.800000000000001,0.04148302599787712,0.04220307245850563,-0.002052716910839081,-0.0017089778557419777
4.800000000000001,0.04148302599787712,0.04220307245850563,-0.002052716910839081,-0.0017089778557419777
4.840000000000001,0.04028373584151268,0.04149226099252701,-0.001498995698057115,-0.0015402552671730518
4.840000000000001,0.04028373584151268,0.04149226099252701,-0.001498995698057115,-0.0015402552671730518
4.840000000000001,0.04028373584151268,0.04149226099252701,-0.001498995698057115,-0.0015402552671730518
4.840000000000001,0.04028373584151268,0.04149226099252701,-0.001498995698057115,-0.0015402552671730518
4.840000000000001,0.04028373584151268,0.04149226099252701,-0.001498995698057115,-0.0015402552671730518
4.840000000000001,0.04028373584151268,0.04149226099252701,-0.001498995698057115,-0.0015402552671730518
4.840000000000001,0.04028373584151268,0.04149226099252701,-0.001498995698057115,-0.0015402552671730518
4.840000000000001,0.04028373584151268,0.04149226099252701,-0.001498995698057115,-0.0015402552671730518
4.840000000000001,0.04028373584151268,0.04149226099252701,-0.001498995698057115,-0.0015402552671730518
4.840000000000001,0.04028373584151268,0.04149226099252701,-0.001498995698057115,-0.0015402552671730518
4.840000000000001,0.04028373584151268,0.04149226099252701,-0.001498995698057115,-0.0015402552671730518
4.840000000000001,0.04028373584151268,0.04149226099252701,-0.001498995698057115,-0.0015402552671730518
4.840000000000001,0.04028373584151268,0.04149226099252701,-0.001498995698057115,-0.0015402552671730518
4.840000000000001,0.04028373584151268,0.04149226099252701,-0.001498995698057115,-0.0015402552671730518
4.840000000000001,0.04028373584151268,0.04149226099252701,-0.001498995698057115,-0.0015402552671730518
4.840000000000001,0.04028373584151268,0.04149226099252701,-0.001498995698057115,-0.0015402552671730518
4.840000000000001,0.04028373584151268,0.04149226099252701,-0.001498995698057115,-0.0015402552671730518
4.840000000000001,0.040650125592947006,0.04247124865651131,-0.0009878207929432392,-0.0017927020089700818
4.840000000000001,0.040650125592947006,0.04247124865651131,-0.0009878207929432392,-0.0017927020089700818
4.840000000000001,0.040650125592947006,0.04247124865651131,-0.0009878207929432392,-0.0017927020089700818
4.840000000000001,0.040650125592947006,0.04247124865651131,-0.0009878207929432392,-0.0017927020089700818
4.840000000000001,0.040650125592947006,0.04247124865651131,-0.0009878207929432392,-0.0017927020089700818
4.840000000000001,0.040650125592947006,0.04247124865651131,-0.0009878207929432392,-0.0017927020089700818
4.840000000000001,0.040650125592947006,0.04247124865651131,-0.0009878207929432392,-0.0017927020089700818
4.840000000000001,0.040650125592947006,0.04247124865651131,-0.0009878207929432392,-0.0017927020089700818
4.840000000000001,0.040650125592947006,0.04247124865651131,-0.0009878207929432392,-0.0017927020089700818
4.840000000000001,0.040650125592947006,0.04247124865651131,-0.0009878207929432392,-0.0017927020089700818
4.840000000000001,0.040650125592947006,0.04247124865651131,-0.0009878207929432392,-0.0017927020089700818
4.840000000000001,0.040650125592947006,0.04247124865651131,-0.0009878207929432392,-0.0017927020089700818
4.840000000000001,0.040650125592947006,0.04247124865651131,-0.0009878207929432392,-0.0017927020089700818
4.840000000000001,0.040650125592947006,0.04247124865651131,-0.0009878207929432392,-0.0017927020089700818
4.840000000000001,0.040650125592947006,0.04247124865651131,-0.0009878207929432392,-0.0017927020089700818
4.840000000000001,0.040650125592947006,0.04247124865651131,-0.0009878207929432392,-0.0017927020089700818
4.880000000000001,0.040650125592947006,0.04247124865651131,-0.0009878207929432392,-0.0017927020089700818
4.880000000000001,0.040650125592947006,0.04247124865651131,-0.0009878207929432392,-0.0017927020089700818
4.880000000000001,0.040650125592947006,0.04247124865651131,-0.0009878207929432392,-0.0017927020089700818
4.880000000000001,0.040650125592947006,0.04247124865651131,-0.0009878207929432392,-0.0017927020089700818
4.880000000000001,0.040650125592947006,0.04247124865651131,-0.0009878207929432392,-0.0017927020089700818
4.880000000000001,0.040650125592947006,0.04247124865651131,-0.0009878207929432392,-0.0017927020089700818
4.880000000000001,0.040650125592947006,0.04247124865651131,-0.0009878207929432392,-0.0017927020089700818
4.880000000000001,0.040650125592947006,0.04247124865651131,-0.0009878207929432392,-0.0017927020089700818
4.880000000000001,0.040650125592947006,0.04247124865651131,-0.0009878207929432392,-0.0017927020089700818
4.880000000000001,0.040650125592947006,0.04247124865651131,-0.0009878207929432392,-0.0017927020089700818
4.880000000000001,0.040650125592947006,0.04247124865651131,-0.0009878207929432392,-0.0017927020089700818
4.880000000000001,0.040650125592947006,0.04247124865651131,-0.0009878207929432392,-0.0017927020089700818
4.880000000000001,0.040650125592947006,0.04247124865651131,-0.0009878207929432392,-0.0017927020089700818
4.880000000000001,0.040650125592947006,0.04247124865651131,-0.0009878207929432392,-0.0017927020089700818
4.880000000000001,0.040650125592947006,0.04247124865651131,-0.0009878207929432392,-0.0017927020089700818
4.880000000000001,0.04138314351439476,0.04166153073310852,-0.0016660785768181086,-0.0017990907654166222
4.880000000000001,0.04138314351439476,0.04166153073310852,-0.0016660785768181086,-0.0017990907654166222
4.880000000000001,0.04138314351439476,0.04166153073310852,-0.0016660785768181086,-0.0017990907654166222
4.880000000000001,0.04138314351439476,0.04166153073310852,-0.0016660785768181086,-0.0017990907654166222
4.880000000000001,0.04138314351439476,0.04166153073310852,-0.0016660785768181086,-0.0017990907654166222
4.880000000000001,0.04138314351439476,0.04166153073310852,-0.0016660785768181086,-0.0017990907654166222
4.880000000000001,0.04138314351439476,0.04166153073310852,-0.0016660785768181086,-0.0017990907654166222
4.880000000000001,0.04138314351439476,0.04166153073310852,-0.0016660785768181086,-0.0017990907654166222
4.880000000000001,0.04138314351439476,0.04166153073310852,-0.0016660785768181086,-0.0017990907654166222
4.880000000000001,0.04138314351439476,0.04166153073310852,-0.0016660785768181086,-0.0017990907654166222
4.880000000000001,0.04138314351439476,0.04166153073310852,-0.0016660785768181086,-0.0017990907654166222
4.880000000000001,0.04138314351439476,0.04166153073310852,-0.0016660785768181086,-0.0017990907654166222
4.880000000000001,0.04138314351439476,0.04166153073310852,-0.0016660785768181086,-0.0017990907654166222
4.880000000000001,0.04138314351439476,0.04166153073310852,-0.0016660785768181086,-0.0017990907654166222
4.880000000000001,0.04138314351439476,0.04166153073310852,-0.0016660785768181086,-0.0017990907654166222
4.880000000000001,0.04138314351439476,0.04166153073310852,-0.0016660785768181086,-0.0017990907654166222
4.920000000000001,0.04132980480790138,0.041591010987758636,-0.0014027990400791168,-0.0010512538719922304
4.920000000000001,0.04132980480790138,0.041591010987758636,-0.0014027990400791168,-0.0010512538719922304
4.920000000000001,0.04132980480790138,0.041591010987758636,-0.0014027990400791168,-0.0010512538719922304
4.920000000000001,0.04132980480790138,0.041591010987758636,-0.0014027990400791168,-0.0010512538719922304
4.920000000000001,0.04132980480790138,0.041591010987758636,-0.0014027990400791168,-0.0010512538719922304
4.920000000000001,0.04132980480790138,0.041591010987758636,-0.0014027990400791168,-0.0010512538719922304
4.920000000000001,0.04132980480790138,0.041591010987758636,-0.0014027990400791168,-0.0010512538719922304
4.920000000000001,0.04132980480790138,0.041591010987758636,-0.0014027990400791168,-0.0010512538719922304
4.920000000000001,0.04132980480790138,0.041591010987758636,-0.0014027990400791168,-0.0010512538719922304
4.920000000000001,0.04132980480790138,0.041591010987758636,-0.0014027990400791168,-0.0010512538719922304
4.920000000000001,0.04132980480790138,0.041591010987758636,-0.0014027990400791168,-0.0010512538719922304
4.920000000000001,0.04132980480790138,0.041591010987758636,-0.0014027990400791168,-0.0010512538719922304
4.920000000000001,0.04132980480790138,0.041591010987758636,-0.0014027990400791168,-0.0010512538719922304
4.920000000000001,0.04132980480790138,0.041591010987758636,-0.0014027990400791168,-0.0010512538719922304
4.920000000000001,0.04132980480790138,0.041591010987758636,-0.0014027990400791168,-0.0010512538719922304
4.920000000000001,0.04132980480790138,0.041591010987758636,-0.0014027990400791168,-0.0010512538719922304
4.920000000000001,0.04132980480790138,0.041591010987758636,-0.0014027990400791168,-0.0010512538719922304
4.920000000000001,0.04132980480790138,0.041591010987758636,-0.0014027990400791168,-0.0010512538719922304
4.920000000000001,0.04132980480790138,0.041591010987758636,-0.0014027990400791168,-0.0010512538719922304
4.920000000000001,0.04132980480790138,0.041591010987758636,-0.0014027990400791168,-0.0010512538719922304
4.920000000000001,0.04132980480790138,0.041591010987758636,-0.0014027990400791168,-0.0010512538719922304
4.920000000000001,0.04132980480790138,0.041591010987758636,-0.0014027990400791168,-0.0010512538719922304
4.920000000000001,0.04132980480790138,0.041591010987758636,-0.0014027990400791168,-0.0010512538719922304
4.920000000000001,0.04132980480790138,0.041591010987758636,-0.0014027990400791168,-0.0010512538719922304
4.920000000000001,0.04132980480790138,0.041591010987758636,-0.0014027990400791168,-0.0010512538719922304
4.920000000000001,0.04132980480790138,0.041591010987758636,-0.0014027990400791168,-0.0010512538719922304
4.920000000000001,0.04132980480790138,0.041591010987758636,-0.0014027990400791168,-0.0010512538719922304
4.920000000000001,0.04132980480790138,0.041591010987758636,-0.0014027990400791168,-0.0010512538719922304
4.920000000000001,0.04132980480790138,0.041591010987758636,-0.0014027990400791168,-0.0010512538719922304
4.920000000000001,0.04132980480790138,0.041591010987758636,-0.0014027990400791168,-0.0010512538719922304
4.920000000000001,0.04132980480790138,0.041591010987758636,-0.0014027990400791168,-0.0010512538719922304
4.959999999000001,0.04128270596265793,0.04175720363855362,-0.001006806269288063,-0.002406700048595667
4.959999999000001,0.04128270596265793,0.04175720363855362,-0.001006806269288063,-0.002406700048595667
4.959999999000001,0.04128270596265793,0.04175720363855362,-0.001006806269288063,-0.002406700048595667
4.959999999000001,0.04128270596265793,0.04175720363855362,-0.001006806269288063,-0.002406700048595667
4.959999999000001,0.04128270596265793,0.04175720363855362,-0.001006806269288063,-0.002406700048595667
4.959999999000001,0.04128270596265793,0.04175720363855362,-0.001006806269288063,-0.002406700048595667
4.959999999000001,0.04128270596265793,0.04175720363855362,-0.001006806269288063,-0.002406700048595667
4.959999999000001,0.04128270596265793,0.04175720363855362,-0.001006806269288063,-0.002406700048595667
4.959999999000001,0.04128270596265793,0.04175720363855362,-0.001006806269288063,-0.002406700048595667
4.959999999000001,0.04128270596265793,0.04175720363855362,-0.001006806269288063,-0.002406700048595667
4.959999999000001,0.04128270596265793,0.04175720363855362,-0.001006806269288063,-0.002406700048595667
4.959999999000001,0.04128270596265793,0.04175720363855362,-0.001006806269288063,-0.002406700048595667
4.959999999000001,0.04128270596265793,0.04175720363855362,-0.001006806269288063,-0.002406700048595667
4.959999999000001,0.04128270596265793,0.04175720363855362,-0.001006806269288063,-0.002406700048595667
4.98,0.04128270596265793,0.04175720363855362,-0.001006806269288063,-0.002406700048595667
4.98,0.04128270596265793,0.04175720363855362,-0.001006806269288063,-0.002406700048595667
4.98,0.04128270596265793,0.04175720363855362,-0.001006806269288063,-0.002406700048595667
4.98,0.04128270596265793,0.04175720363855362,-0.001006806269288063,-0.002406700048595667
4.98,0.04128270596265793,0.04175720363855362,-0.001006806269288063,-0.002406700048595667
4.98,0.04128270596265793,0.04175720363855362,-0.001006806269288063,-0.002406700048595667
4.98,0.04128270596265793,0.04175720363855362,-0.001006806269288063,-0.002406700048595667
4.98,0.04128270596265793,0.04175720363855362,-0.001006806269288063,-0.002406700048595667
4.98,0.04128270596265793,0.04175720363855362,-0.001006806269288063,-0.002406700048595667
4.98,0.04128270596265793,0.04175720363855362,-0.001006806269288063,-0.002406700048595667
4.98,0.04128270596265793,0.04175720363855362,-0.001006806269288063,-0.002406700048595667
4.98,0.04128270596265793,0.04175720363855362,-0.001006806269288063,-0.002406700048595667
4.98,0.04128270596265793,0.04175720363855362,-0.001006806269288063,-0.002406700048595667
4.98,0.041470929980278015,0.04089979827404022,-0.001368904602713883,-0.0010026799282059073
4.98,0.041470929980278015,0.04089979827404022,-0.001368904602713883,-0.0010026799282059073
4.98,0.041470929980278015,0.04089979827404022,-0.001368904602713883,-0.0010026799282059073
4.98,0.041470929980278015,0.04089979827404022,-0.001368904602713883,-0.0010026799282059073
4.98,0.041470929980278015,0.04089979827404022,-0.001368904602713883,-0.0010026799282059073
4.98,0.041470929980278015,0.04089979827404022,-0.001368904602713883,-0.0010026799282059073
4.98,0.041470929980278015,0.04089979827404022,-0.001368904602713883,-0.0010026799282059073
4.98,0.041470929980278015,0.04089979827404022,-0.001368904602713883,-0.0010026799282059073
4.98,0.041470929980278015,0.04089979827404022,-0.001368904602713883,-0.0010026799282059073
4.98,0.041470929980278015,0.04089979827404022,-0.001368904602713883,-0.0010026799282059073
4.98,0.041470929980278015,0.04089979827404022,-0.001368904602713883,-0.0010026799282059073
4.98,0.041470929980278015,0.04089979827404022,-0.001368904602713883,-0.0010026799282059073
4.98,0.041470929980278015,0.04089979827404022,-0.001368904602713883,-0.0010026799282059073
4.98,0.041470929980278015,0.04089979827404022,-0.001368904602713883,-0.0010026799282059073
4.98,0.041470929980278015,0.04089979827404022,-0.001368904602713883,-0.0010026799282059073
5.0200000000000005,0.04147869721055031,0.04146810621023178,-0.0014731698902323842,-0.0016279242699965835
5.0200000000000005,0.04147869721055031,0.04146810621023178,-0.0014731698902323842,-0.0016279242699965835
5.0200000000000005,0.04147869721055031,0.04146810621023178,-0.0014731698902323842,-0.0016279242699965835
5.0200000000000005,0.04147869721055031,0.04146810621023178,-0.0014731698902323842,-0.0016279242699965835
5.0200000000000005,0.04147869721055031,0.04146810621023178,-0.0014731698902323842,-0.0016279242699965835
5.0200000000000005,0.04147869721055031,0.04146810621023178,-0.0014731698902323842,-0.0016279242699965835
5.0200000000000005,0.04147869721055031,0.04146810621023178,-0.0014731698902323842,-0.0016279242699965835
5.0200000000000005,0.04147869721055031,0.04146810621023178,-0.0014731698902323842,-0.0016279242699965835
5.0200000000000005,0.04147869721055031,0.04146810621023178,-0.0014731698902323842,-0.0016279242699965835
5.0200000000000005,0.04147869721055031,0.04146810621023178,-0.0014731698902323842,-0.0016279242699965835
5.0200000000000005,0.04147869721055031,0.04146810621023178,-0.0014731698902323842,-0.0016279242699965835
5.0200000000000005,0.04147869721055031,0.04146810621023178,-0.0014731698902323842,-0.0016279242699965835
5.0200000000000005,0.04147869721055031,0.04146810621023178,-0.0014731698902323842,-0.0016279242699965835
5.0200000000000005,0.04147869721055031,0.04146810621023178,-0.0014731698902323842,-0.0016279242699965835
5.0200000000000005,0.04147869721055031,0.04146810621023178,-0.0014731698902323842,-0.0016279242699965835
5.0200000000000005,0.04147869721055031,0.04146810621023178,-0.0014731698902323842,-0.0016279242699965835
5.0200000000000005,0.04147869721055031,0.04146810621023178,-0.0014731698902323842,-0.0016279242699965835
5.0200000000000005,0.04076553136110306,0.04163314774632454,-0.0012536535505205393,-0.0012727468274533749
5.0200000000000005,0.04076553136110306,0.04163314774632454,-0.0012536535505205393,-0.0012727468274533749
5.0200000000000005,0.04076553136110306,0.04163314774632454,-0.0012536535505205393,-0.0012727468274533749
5.0200000000000005,0.04076553136110306,0.04163314774632454,-0.0012536535505205393,-0.0012727468274533749
5.0200000000000005,0.04076553136110306,0.04163314774632454,-0.0012536535505205393,-0.0012727468274533749
5.0200000000000005,0.04076553136110306,0.04163314774632454,-0.0012536535505205393,-0.0012727468274533749
5.0200000000000005,0.04076553136110306,0.04163314774632454,-0.0012536535505205393,-0.0012727468274533749
5.0200000000000005,0.04076553136110306,0.04163314774632454,-0.0012536535505205393,-0.0012727468274533749
5.0200000000000005,0.04076553136110306,0.04163314774632454,-0.0012536535505205393,-0.0012727468274533749
5.0200000000000005,0.04076553136110306,0.04163314774632454,-0.0012536535505205393,-0.0012727468274533749
5.0200000000000005,0.04076553136110306,0.04163314774632454,-0.0012536535505205393,-0.0012727468274533749
5.0200000000000005,0.04076553136110306,0.04163314774632454,-0.0012536535505205393,-0.0012727468274533749
5.0200000000000005,0.04076553136110306,0.04163314774632454,-0.0012536535505205393,-0.0012727468274533749
5.0200000000000005,0.04076553136110306,0.04163314774632454,-0.0012536535505205393,-0.0012727468274533749
5.0200000000000005,0.04076553136110306,0.04163314774632454,-0.0012536535505205393,-0.0012727468274533749
5.0600000000000005,0.041060566902160645,0.04155886173248291,-0.0010377668077126145,-0.0013892556307837367
5.0600000000000005,0.041060566902160645,0.04155886173248291,-0.0010377668077126145,-0.0013892556307837367
5.0600000000000005,0.041060566902160645,0.04155886173248291,-0.0010377668077126145,-0.0013892556307837367
5.0600000000000005,0.041060566902160645,0.04155886173248291,-0.0010377668077126145,-0.0013892556307837367
5.0600000000000005,0.041060566902160645,0.04155886173248291,-0.0010377668077126145,-0.0013892556307837367
5.0600000000000005,0.041060566902160645,0.04155886173248291,-0.0010377668077126145,-0.0013892556307837367
5.0600000000000005,0.041060566902160645,0.04155886173248291,-0.0010377668077126145,-0.0013892556307837367
5.0600000000000005,0.041060566902160645,0.04155886173248291,-0.0010377668077126145,-0.0013892556307837367
5.0600000000000005,0.041060566902160645,0.04155886173248291,-0.0010377668077126145,-0.0013892556307837367
5.0600000000000005,0.041060566902160645,0.04155886173248291,-0.0010377668077126145,-0.0013892556307837367
5.0600000000000005,0.041060566902160645,0.04155886173248291,-0.0010377668077126145,-0.0013892556307837367
5.0600000000000005,0.041060566902160645,0.04155886173248291,-0.0010377668077126145,-0.0013892556307837367
5.0600000000000005,0.041060566902160645,0.04155886173248291,-0.0010377668077126145,-0.0013892556307837367
5.0600000000000005,0.041060566902160645,0.04155886173248291,-0.0010377668077126145,-0.0013892556307837367
5.0600000000000005,0.01947788894176483,0.01953568495810032,0.019256412982940674,0.020620480179786682
5.0600000000000005,0.01947788894176483,0.01953568495810032,0.019256412982940674,0.020620480179786682
5.0600000000000005,0.01947788894176483,0.01953568495810032,0.019256412982940674,0.020620480179786682
5.0600000000000005,0.01947788894176483,0.01953568495810032,0.019256412982940674,0.020620480179786682
5.0600000000000005,0.01947788894176483,0.01953568495810032,0.019256412982940674,0.020620480179786682
5.0600000000000005,0.01947788894176483,0.01953568495810032,0.019256412982940674,0.020620480179786682
5.0600000000000005,0.01947788894176483,0.01953568495810032,0.019256412982940674,0.020620480179786682
5.0600000000000005,0.01947788894176483,0.01953568495810032,0.019256412982940674,0.020620480179786682
5.0600000000000005,0.01947788894176483,0.01953568495810032,0.019256412982940674,0.020620480179786682
5.0600000000000005,0.01947788894176483,0.01953568495810032,0.019256412982940674,0.020620480179786682
5.0600000000000005,0.01947788894176483,0.01953568495810032,0.019256412982940674,0.020620480179786682
5.0600000000000005,0.01947788894176483,0.01953568495810032,0.019256412982940674,0.020620480179786682
5.0600000000000005,0.01947788894176483,0.01953568495810032,0.019256412982940674,0.020620480179786682
5.0600000000000005,0.01947788894176483,0.01953568495810032,0.019256412982940674,0.020620480179786682
5.1000000000000005,0.01947788894176483,0.01953568495810032,0.019256412982940674,0.020620480179786682
5.1000000000000005,0.01947788894176483,0.01953568495810032,0.019256412982940674,0.020620480179786682
5.1000000000000005,0.01947788894176483,0.01953568495810032,0.019256412982940674,0.020620480179786682
5.1000000000000005,0.01947788894176483,0.01953568495810032,0.019256412982940674,0.020620480179786682
5.1000000000000005,0.01947788894176483,0.01953568495810032,0.019256412982940674,0.020620480179786682
5.1000000000000005,0.01947788894176483,0.01953568495810032,0.019256412982940674,0.020620480179786682
5.1000000000000005,0.01947788894176483,0.01953568495810032,0.019256412982940674,0.020620480179786682
5.1000000000000005,0.01947788894176483,0.01953568495810032,0.019256412982940674,0.020620480179786682
5.1000000000000005,0.01947788894176483,0.01953568495810032,0.019256412982940674,0.020620480179786682
5.1000000000000005,0.01947788894176483,0.01953568495810032,0.019256412982940674,0.020620480179786682
5.1000000000000005,0.01947788894176483,0.01953568495810032,0.019256412982940674,0.020620480179786682
5.1000000000000005,0.01947788894176483,0.01953568495810032,0.019256412982940674,0.020620480179786682
5.1000000000000005,0.01947788894176483,0.01953568495810032,0.019256412982940674,0.020620480179786682
5.1000000000000005,0.01947788894176483,0.01953568495810032,0.019256412982940674,0.020620480179786682
5.1000000000000005,0.040307898074388504,0.04080657660961151,-0.0016569077270105481,-0.000764135445933789
5.1000000000000005,0.040307898074388504,0.04080657660961151,-0.0016569077270105481,-0.000764135445933789
5.1000000000000005,0.040307898074388504,0.04080657660961151,-0.0016569077270105481,-0.000764135445933789
5.1000000000000005,0.040307898074388504,0.04080657660961151,-0.0016569077270105481,-0.000764135445933789
5.1000000000000005,0.040307898074388504,0.04080657660961151,-0.0016569077270105481,-0.000764135445933789
5.1000000000000005,0.040307898074388504,0.04080657660961151,-0.0016569077270105481,-0.000764135445933789
5.1000000000000005,0.040307898074388504,0.04080657660961151,-0.0016569077270105481,-0.000764135445933789
5.1000000000000005,0.040307898074388504,0.04080657660961151,-0.0016569077270105481,-0.000764135445933789
5.1000000000000005,0.040307898074388504,0.04080657660961151,-0.0016569077270105481,-0.000764135445933789
5.1000000000000005,0.040307898074388504,0.04080657660961151,-0.0016569077270105481,-0.000764135445933789
5.1000000000000005,0.040307898074388504,0.04080657660961151,-0.0016569077270105481,-0.000764135445933789
5.1000000000000005,0.040307898074388504,0.04080657660961151,-0.0016569077270105481,-0.000764135445933789
5.1000000000000005,0.040307898074388504,0.04080657660961151,-0.0016569077270105481,-0.000764135445933789
5.1000000000000005,0.040307898074388504,0.04080657660961151,-0.0016569077270105481,-0.000764135445933789
5.1000000000000005,0.040307898074388504,0.04080657660961151,-0.0016569077270105481,-0.000764135445933789
5.140000000000001,0.04104646295309067,0.040447719395160675,-0.0005325373494997621,-0.0015226686373353004
5.140000000000001,0.04104646295309067,0.040447719395160675,-0.0005325373494997621,-0.0015226686373353004
5.140000000000001,0.04104646295309067,0.040447719395160675,-0.0005325373494997621,-0.0015226686373353004
5.140000000000001,0.04104646295309067,0.040447719395160675,-0.0005325373494997621,-0.0015226686373353004
5.140000000000001,0.04104646295309067,0.040447719395160675,-0.0005325373494997621,-0.0015226686373353004
5.140000000000001,0.04104646295309067,0.040447719395160675,-0.0005325373494997621,-0.0015226686373353004
5.140000000000001,0.04104646295309067,0.040447719395160675,-0.0005325373494997621,-0.0015226686373353004
5.140000000000001,0.04104646295309067,0.040447719395160675,-0.0005325373494997621,-0.0015226686373353004
5.140000000000001,0.04104646295309067,0.040447719395160675,-0.0005325373494997621,-0.0015226686373353004
5.140000000000001,0.04104646295309067,0.040447719395160675,-0.0005325373494997621,-0.0015226686373353004
5.140000000000001,0.04104646295309067,0.040447719395160675,-0.0005325373494997621,-0.0015226686373353004
5.140000000000001,0.04104646295309067,0.040447719395160675,-0.0005325373494997621,-0.0015226686373353004
5.140000000000001,0.04104646295309067,0.040447719395160675,-0.0005325373494997621,-0.0015226686373353004
5.140000000000001,0.04104646295309067,0.040447719395160675,-0.0005325373494997621,-0.0015226686373353004
5.140000000000001,0.04104646295309067,0.040447719395160675,-0.0005325373494997621,-0.0015226686373353004
5.140000000000001,0.0402829684317112,0.041175078600645065,-0.0009941054740920663,-0.0009657828486524522
5.140000000000001,0.0402829684317112,0.041175078600645065,-0.0009941054740920663,-0.0009657828486524522
5.140000000000001,0.0402829684317112,0.041175078600645065,-0.0009941054740920663,-0.0009657828486524522
5.140000000000001,0.0402829684317112,0.041175078600645065,-0.0009941054740920663,-0.0009657828486524522
5.140000000000001,0.0402829684317112,0.041175078600645065,-0.0009941054740920663,-0.0009657828486524522
5.140000000000001,0.0402829684317112,0.041175078600645065,-0.0009941054740920663,-0.0009657828486524522
5.140000000000001,0.0402829684317112,0.041175078600645065,-0.0009941054740920663,-0.0009657828486524522
5.140000000000001,0.0402829684317112,0.041175078600645065,-0.0009941054740920663,-0.0009657828486524522
5.140000000000001,0.0402829684317112,0.041175078600645065,-0.0009941054740920663,-0.0009657828486524522
5.140000000000001,0.0402829684317112,0.041175078600645065,-0.0009941054740920663,-0.0009657828486524522
5.140000000000001,0.0402829684317112,0.041175078600645065,-0.0009941054740920663,-0.0009657828486524522
5.140000000000001,0.0402829684317112,0.041175078600645065,-0.0009941054740920663,-0.0009657828486524522
5.140000000000001,0.0402829684317112,0.041175078600645065,-0.0009941054740920663,-0.0009657828486524522
5.140000000000001,0.0402829684317112,0.041175078600645065,-0.0009941054740920663,-0.0009657828486524522
5.140000000000001,0.0402829684317112,0.041175078600645065,-0.0009941054740920663,-0.0009657828486524522
5.180000000000001,0.04133342579007149,0.040771063417196274,-0.00012369538308121264,-0.001226262655109167
5.180000000000001,0.04133342579007149,0.040771063417196274,-0.00012369538308121264,-0.001226262655109167
5.180000000000001,0.04133342579007149,0.040771063417196274,-0.00012369538308121264,-0.001226262655109167
5.180000000000001,0.04133342579007149,0.040771063417196274,-0.00012369538308121264,-0.001226262655109167
5.180000000000001,0.04133342579007149,0.040771063417196274,-0.00012369538308121264,-0.001226262655109167
5.180000000000001,0.04133342579007149,0.040771063417196274,-0.00012369538308121264,-0.001226262655109167
5.180000000000001,0.04133342579007149,0.040771063417196274,-0.00012369538308121264,-0.001226262655109167
5.180000000000001,0.04133342579007149,0.040771063417196274,-0.00012369538308121264,-0.001226262655109167
5.180000000000001,0.04133342579007149,0.040771063417196274,-0.00012369538308121264,-0.001226262655109167
5.180000000000001,0.04133342579007149,0.040771063417196274,-0.00012369538308121264,-0.001226262655109167
5.180000000000001,0.04133342579007149,0.040771063417196274,-0.00012369538308121264,-0.001226262655109167
5.180000000000001,0.04133342579007149,0.040771063417196274,-0.00012369538308121264,-0.001226262655109167
5.180000000000001,0.04133342579007149,0.040771063417196274,-0.00012369538308121264,-0.001226262655109167
5.180000000000001,0.04133342579007149,0.040771063417196274,-0.00012369538308121264,-0.001226262655109167
5.180000000000001,0.04133342579007149,0.040771063417196274,-0.00012369538308121264,-0.001226262655109167
5.180000000000001,0.04018215462565422,0.041188329458236694,-0.00042594902333803475,-0.0011817821068689227
5.180000000000001,0.04018215462565422,0.041188329458236694,-0.00042594902333803475,-0.0011817821068689227
5.180000000000001,0.04018215462565422,0.041188329458236694,-0.00042594902333803475,-0.0011817821068689227
5.180000000000001,0.04018215462565422,0.041188329458236694,-0.00042594902333803475,-0.0011817821068689227
5.180000000000001,0.04018215462565422,0.041188329458236694,-0.00042594902333803475,-0.0011817821068689227
5.180000000000001,0.04018215462565422,0.041188329458236694,-0.00042594902333803475,-0.0011817821068689227
5.180000000000001,0.04018215462565422,0.041188329458236694,-0.00042594902333803475,-0.0011817821068689227
5.180000000000001,0.04018215462565422,0.041188329458236694,-0.00042594902333803475,-0.0011817821068689227
5.180000000000001,0.04018215462565422,0.041188329458236694,-0.00042594902333803475,-0.0011817821068689227
5.180000000000001,0.04018215462565422,0.041188329458236694,-0.00042594902333803475,-0.0011817821068689227
5.180000000000001,0.04018215462565422,0.041188329458236694,-0.00042594902333803475,-0.0011817821068689227
5.180000000000001,0.04018215462565422,0.041188329458236694,-0.00042594902333803475,-0.0011817821068689227
5.180000000000001,0.04018215462565422,0.041188329458236694,-0.00042594902333803475,-0.0011817821068689227
5.220000000000001,0.04083533212542534,0.041059669107198715,-0.0013427558587864041,-0.0012731938622891903
5.220000000000001,0.04083533212542534,0.041059669107198715,-0.0013427558587864041,-0.0012731938622891903
5.220000000000001,0.04083533212542534,0.041059669107198715,-0.0013427558587864041,-0.0012731938622891903
5.220000000000001,0.04083533212542534,0.041059669107198715,-0.0013427558587864041,-0.0012731938622891903
5.220000000000001,0.04083533212542534,0.041059669107198715,-0.0013427558587864041,-0.0012731938622891903
5.220000000000001,0.04083533212542534,0.041059669107198715,-0.0013427558587864041,-0.0012731938622891903
5.220000000000001,0.04083533212542534,0.041059669107198715,-0.0013427558587864041,-0.0012731938622891903
5.220000000000001,0.04083533212542534,0.041059669107198715,-0.0013427558587864041,-0.0012731938622891903
5.220000000000001,0.04083533212542534,0.041059669107198715,-0.0013427558587864041,-0.0012731938622891903
5.220000000000001,0.04083533212542534,0.041059669107198715,-0.0013427558587864041,-0.0012731938622891903
5.220000000000001,0.04083533212542534,0.041059669107198715,-0.0013427558587864041,-0.0012731938622891903
5.220000000000001,0.04083533212542534,0.041059669107198715,-0.0013427558587864041,-0.0012731938622891903
5.220000000000001,0.04083533212542534,0.041059669107198715,-0.0013427558587864041,-0.0012731938622891903
5.220000000000001,0.04083533212542534,0.041059669107198715,-0.0013427558587864041,-0.0012731938622891903
5.220000000000001,0.04083533212542534,0.041059669107198715,-0.0013427558587864041,-0.0012731938622891903
5.220000000000001,0.04083533212542534,0.041059669107198715,-0.0013427558587864041,-0.0012731938622891903
5.220000000000001,0.04083533212542534,0.041059669107198715,-0.0013427558587864041,-0.0012731938622891903
5.220000000000001,0.04135961830615997,0.0414821021258831,-0.0005903012934140861,6.3858758949209e-05
5.220000000000001,0.04135961830615997,0.0414821021258831,-0.0005903012934140861,6.3858758949209e-05
5.220000000000001,0.04135961830615997,0.0414821021258831,-0.0005903012934140861,6.3858758949209e-05
5.220000000000001,0.04135961830615997,0.0414821021258831,-0.0005903012934140861,6.3858758949209e-05
5.220000000000001,0.04135961830615997,0.0414821021258831,-0.0005903012934140861,6.3858758949209e-05
5.220000000000001,0.04135961830615997,0.0414821021258831,-0.0005903012934140861,6.3858758949209e-05
5.220000000000001,0.04135961830615997,0.0414821021258831,-0.0005903012934140861,6.3858758949209e-05
5.220000000000001,0.04135961830615997,0.0414821021258831,-0.0005903012934140861,6.3858758949209e-05
5.220000000000001,0.04135961830615997,0.0414821021258831,-0.0005903012934140861,6.3858758949209e-05
5.220000000000001,0.04135961830615997,0.0414821021258831,-0.0005903012934140861,6.3858758949209e-05
5.220000000000001,0.04135961830615997,0.0414821021258831,-0.0005903012934140861,6.3858758949209e-05
5.220000000000001,0.04135961830615997,0.0414821021258831,-0.0005903012934140861,6.3858758949209e-05
5.220000000000001,0.04135961830615997,0.0414821021258831,-0.0005903012934140861,6.3858758949209e-05
5.220000000000001,0.04135961830615997,0.0414821021258831,-0.0005903012934140861,6.3858758949209e-05
5.220000000000001,0.04135961830615997,0.0414821021258831,-0.0005903012934140861,6.3858758949209e-05
5.220000000000001,0.04135961830615997,0.0414821021258831,-0.0005903012934140861,6.3858758949209e-05
5.220000000000001,0.04135961830615997,0.0414821021258831,-0.0005903012934140861,6.3858758949209e-05
5.220000000000001,0.04135961830615997,0.0414821021258831,-0.0005903012934140861,6.3858758949209e-05
5.220000000000001,0.04135961830615997,0.0414821021258831,-0.0005903012934140861,6.3858758949209e-05
5.260000000000001,0.04177701473236084,0.0413055457174778,-0.0008139688288792968,-0.0009413606603629887
5.260000000000001,0.04177701473236084,0.0413055457174778,-0.0008139688288792968,-0.0009413606603629887
5.260000000000001,0.04177701473236084,0.0413055457174778,-0.0008139688288792968,-0.0009413606603629887
5.260000000000001,0.04177701473236084,0.0413055457174778,-0.0008139688288792968,-0.0009413606603629887
5.260000000000001,0.04177701473236084,0.0413055457174778,-0.0008139688288792968,-0.0009413606603629887
5.260000000000001,0.04177701473236084,0.0413055457174778,-0.0008139688288792968,-0.0009413606603629887
5.260000000000001,0.04177701473236084,0.0413055457174778,-0.0008139688288792968,-0.0009413606603629887
5.260000000000001,0.04177701473236084,0.0413055457174778,-0.0008139688288792968,-0.0009413606603629887
5.260000000000001,0.04177701473236084,0.0413055457174778,-0.0008139688288792968,-0.0009413606603629887
5.260000000000001,0.04177701473236084,0.0413055457174778,-0.0008139688288792968,-0.0009413606603629887
5.260000000000001,0.04177701473236084,0.0413055457174778,-0.0008139688288792968,-0.0009413606603629887
5.260000000000001,0.04177701473236084,0.0413055457174778,-0.0008139688288792968,-0.0009413606603629887
5.260000000000001,0.04177701473236084,0.0413055457174778,-0.0008139688288792968,-0.0009413606603629887
5.260000000000001,0.04177701473236084,0.0413055457174778,-0.0008139688288792968,-0.0009413606603629887
5.260000000000001,0.04177701473236084,0.0413055457174778,-0.0008139688288792968,-0.0009413606603629887
5.260000000000001,0.04177701473236084,0.0413055457174778,-0.0008139688288792968,-0.0009413606603629887
5.260000000000001,0.04177701473236084,0.0413055457174778,-0.0008139688288792968,-0.0009413606603629887
5.260000000000001,0.04177701473236084,0.0413055457174778,-0.0008139688288792968,-0.0009413606603629887
5.260000000000001,0.04177701473236084,0.0413055457174778,-0.0008139688288792968,-0.0009413606603629887
5.260000000000001,0.04177701473236084,0.0413055457174778,-0.0008139688288792968,-0.0009413606603629887
5.260000000000001,0.041251979768276215,0.0404202900826931,-0.0012489135842770338,-0.0014616382541134953
5.260000000000001,0.041251979768276215,0.0404202900826931,-0.0012489135842770338,-0.0014616382541134953
5.260000000000001,0.041251979768276215,0.0404202900826931,-0.0012489135842770338,-0.0014616382541134953
5.260000000000001,0.041251979768276215,0.0404202900826931,-0.0012489135842770338,-0.0014616382541134953
5.260000000000001,0.041251979768276215,0.0404202900826931,-0.0012489135842770338,-0.0014616382541134953
5.260000000000001,0.041251979768276215,0.0404202900826931,-0.0012489135842770338,-0.0014616382541134953
5.260000000000001,0.041251979768276215,0.0404202900826931,-0.0012489135842770338,-0.0014616382541134953
5.260000000000001,0.041251979768276215,0.0404202900826931,-0.0012489135842770338,-0.0014616382541134953
5.260000000000001,0.041251979768276215,0.0404202900826931,-0.0012489135842770338,-0.0014616382541134953
5.260000000000001,0.041251979768276215,0.0404202900826931,-0.0012489135842770338,-0.0014616382541134953
5.260000000000001,0.041251979768276215,0.0404202900826931,-0.0012489135842770338,-0.0014616382541134953
5.260000000000001,0.041251979768276215,0.0404202900826931,-0.0012489135842770338,-0.0014616382541134953
5.260000000000001,0.041251979768276215,0.0404202900826931,-0.0012489135842770338,-0.0014616382541134953
5.260000000000001,0.041251979768276215,0.0404202900826931,-0.0012489135842770338,-0.0014616382541134953
5.260000000000001,0.041251979768276215,0.0404202900826931,-0.0012489135842770338,-0.0014616382541134953
5.260000000000001,0.041251979768276215,0.0404202900826931,-0.0012489135842770338,-0.0014616382541134953
5.260000000000001,0.041251979768276215,0.0404202900826931,-0.0012489135842770338,-0.0014616382541134953
5.260000000000001,0.041251979768276215,0.0404202900826931,-0.0012489135842770338,-0.0014616382541134953
5.260000000000001,0.041251979768276215,0.0404202900826931,-0.0012489135842770338,-0.0014616382541134953
5.300000000000001,0.01917455345392227,0.019870417192578316,0.020055748522281647,0.020973196253180504
5.300000000000001,0.01917455345392227,0.019870417192578316,0.020055748522281647,0.020973196253180504
5.300000000000001,0.01917455345392227,0.019870417192578316,0.020055748522281647,0.020973196253180504
5.300000000000001,0.01917455345392227,0.019870417192578316,0.020055748522281647,0.020973196253180504
5.300000000000001,0.01917455345392227,0.019870417192578316,0.020055748522281647,0.020973196253180504
5.300000000000001,0.01917455345392227,0.019870417192578316,0.020055748522281647,0.020973196253180504
5.300000000000001,0.01917455345392227,0.019870417192578316,0.020055748522281647,0.020973196253180504
5.300000000000001,0.01917455345392227,0.019870417192578316,0.020055748522281647,0.020973196253180504
5.300000000000001,0.01917455345392227,0.019870417192578316,0.020055748522281647,0.020973196253180504
5.300000000000001,0.01917455345392227,0.019870417192578316,0.020055748522281647,0.020973196253180504
5.300000000000001,0.01917455345392227,0.019870417192578316,0.020055748522281647,0.020973196253180504
5.300000000000001,0.01917455345392227,0.019870417192578316,0.020055748522281647,0.020973196253180504
5.300000000000001,0.01917455345392227,0.019870417192578316,0.020055748522281647,0.020973196253180504
5.300000000000001,0.01917455345392227,0.019870417192578316,0.020055748522281647,0.020973196253180504
5.300000000000001,0.01917455345392227,0.019870417192578316,0.020055748522281647,0.020973196253180504
5.300000000000001,0.01917455345392227,0.019870417192578316,0.020055748522281647,0.020973196253180504
5.300000000000001,0.01917455345392227,0.019870417192578316,0.020055748522281647,0.020973196253180504
5.300000000000001,0.01917455345392227,0.019870417192578316,0.020055748522281647,0.020973196253180504
5.300000000000001,0.01917455345392227,0.019870417192578316,0.020055748522281647,0.020973196253180504
5.300000000000001,0.01917455345392227,0.019870417192578316,0.020055748522281647,0.020973196253180504
5.300000000000001,0.01917455345392227,0.019870417192578316,0.020055748522281647,0.020973196253180504
5.300000000000001,0.04042855650186539,0.04130547493696213,-0.0008805315010249615,-0.0009878295240923762
5.300000000000001,0.04042855650186539,0.04130547493696213,-0.0008805315010249615,-0.0009878295240923762
5.300000000000001,0.04042855650186539,0.04130547493696213,-0.0008805315010249615,-0.0009878295240923762
5.300000000000001,0.04042855650186539,0.04130547493696213,-0.0008805315010249615,-0.0009878295240923762
5.300000000000001,0.04042855650186539,0.04130547493696213,-0.0008805315010249615,-0.0009878295240923762
5.300000000000001,0.04042855650186539,0.04130547493696213,-0.0008805315010249615,-0.0009878295240923762
5.300000000000001,0.04042855650186539,0.04130547493696213,-0.0008805315010249615,-0.0009878295240923762
5.300000000000001,0.04042855650186539,0.04130547493696213,-0.0008805315010249615,-0.0009878295240923762
5.300000000000001,0.04042855650186539,0.04130547493696213,-0.0008805315010249615,-0.0009878295240923762
5.300000000000001,0.04042855650186539,0.04130547493696213,-0.0008805315010249615,-0.0009878295240923762
5.300000000000001,0.04042855650186539,0.04130547493696213,-0.0008805315010249615,-0.0009878295240923762
5.300000000000001,0.04042855650186539,0.04130547493696213,-0.0008805315010249615,-0.0009878295240923762
5.300000000000001,0.04042855650186539,0.04130547493696213,-0.0008805315010249615,-0.0009878295240923762
5.300000000000001,0.04042855650186539,0.04130547493696213,-0.0008805315010249615,-0.0009878295240923762
5.300000000000001,0.04042855650186539,0.04130547493696213,-0.0008805315010249615,-0.0009878295240923762
5.300000000000001,0.04042855650186539,0.04130547493696213,-0.0008805315010249615,-0.0009878295240923762
5.300000000000001,0.04042855650186539,0.04130547493696213,-0.0008805315010249615,-0.0009878295240923762
5.300000000000001,0.04042855650186539,0.04130547493696213,-0.0008805315010249615,-0.0009878295240923762
5.300000000000001,0.04042855650186539,0.04130547493696213,-0.0008805315010249615,-0.0009878295240923762
5.300000000000001,0.04042855650186539,0.04130547493696213,-0.0008805315010249615,-0.0009878295240923762
5.300000000000001,0.04042855650186539,0.04130547493696213,-0.0008805315010249615,-0.0009878295240923762
5.300000000000001,0.04042855650186539,0.04130547493696213,-0.0008805315010249615,-0.0009878295240923762
5.300000000000001,0.04042855650186539,0.04130547493696213,-0.0008805315010249615,-0.0009878295240923762
5.300000000000001,0.04042855650186539,0.04130547493696213,-0.0008805315010249615,-0.0009878295240923762
5.300000000000001,0.04042855650186539,0.04130547493696213,-0.0008805315010249615,-0.0009878295240923762
5.300000000000001,0.04042855650186539,0.04130547493696213,-0.0008805315010249615,-0.0009878295240923762
5.300000000000001,0.04042855650186539,0.04130547493696213,-0.0008805315010249615,-0.0009878295240923762
5.300000000000001,0.04042855650186539,0.04130547493696213,-0.0008805315010249615,-0.0009878295240923762
5.300000000000001,0.04042855650186539,0.04130547493696213,-0.0008805315010249615,-0.0009878295240923762
5.300000000000001,0.04042855650186539,0.04130547493696213,-0.0008805315010249615,-0.0009878295240923762
5.300000000000001,0.04042855650186539,0.04130547493696213,-0.0008805315010249615,-0.0009878295240923762
5.300000000000001,0.04042855650186539,0.04130547493696213,-0.0008805315010249615,-0.0009878295240923762
5.340000000000001,0.04042855650186539,0.04130547493696213,-0.0008805315010249615,-0.0009878295240923762
5.340000000000001,0.04042855650186539,0.04130547493696213,-0.0008805315010249615,-0.0009878295240923762
5.340000000000001,0.04042855650186539,0.04130547493696213,-0.0008805315010249615,-0.0009878295240923762
5.340000000000001,0.04042855650186539,0.04130547493696213,-0.0008805315010249615,-0.0009878295240923762
5.340000000000001,0.04042855650186539,0.04130547493696213,-0.0008805315010249615,-0.0009878295240923762
5.340000000000001,0.04042855650186539,0.04130547493696213,-0.0008805315010249615,-0.0009878295240923762
5.340000000000001,0.04042855650186539,0.04130547493696213,-0.0008805315010249615,-0.0009878295240923762
5.340000000000001,0.04042855650186539,0.04130547493696213,-0.0008805315010249615,-0.0009878295240923762
5.340000000000001,0.04042855650186539,0.04130547493696213,-0.0008805315010249615,-0.0009878295240923762
5.340000000000001,0.04042855650186539,0.04130547493696213,-0.0008805315010249615,-0.0009878295240923762
5.340000000000001,0.04042855650186539,0.04130547493696213,-0.0008805315010249615,-0.0009878295240923762
5.340000000000001,0.04042855650186539,0.04130547493696213,-0.0008805315010249615,-0.0009878295240923762
5.340000000000001,0.04042855650186539,0.04130547493696213,-0.0008805315010249615,-0.0009878295240923762
5.340000000000001,0.04042855650186539,0.04130547493696213,-0.0008805315010249615,-0.0009878295240923762
5.340000000000001,0.04042855650186539,0.04130547493696213,-0.0008805315010249615,-0.0009878295240923762
5.340000000000001,0.04042855650186539,0.04130547493696213,-0.0008805315010249615,-0.0009878295240923762
5.340000000000001,0.04042855650186539,0.04130547493696213,-0.0008805315010249615,-0.0009878295240923762
5.340000000000001,0.04042855650186539,0.04130547493696213,-0.0008805315010249615,-0.0009878295240923762
5.340000000000001,0.04042855650186539,0.04130547493696213,-0.0008805315010249615,-0.0009878295240923762
5.340000000000001,0.04042855650186539,0.04130547493696213,-0.0008805315010249615,-0.0009878295240923762
5.340000000000001,0.04042855650186539,0.04130547493696213,-0.0008805315010249615,-0.0009878295240923762
5.340000000000001,0.04042855650186539,0.04130547493696213,-0.0008805315010249615,-0.0009878295240923762
5.340000000000001,0.04042855650186539,0.04130547493696213,-0.0008805315010249615,-0.0009878295240923762
5.340000000000001,0.04042855650186539,0.04130547493696213,-0.0008805315010249615,-0.0009878295240923762
5.340000000000001,0.04042855650186539,0.04130547493696213,-0.0008805315010249615,-0.0009878295240923762
5.340000000000001,0.04042855650186539,0.04130547493696213,-0.0008805315010249615,-0.0009878295240923762
5.340000000000001,0.04042855650186539,0.04130547493696213,-0.0008805315010249615,-0.0009878295240923762
5.340000000000001,0.04042855650186539,0.04130547493696213,-0.0008805315010249615,-0.0009878295240923762
5.340000000000001,0.04042855650186539,0.04130547493696213,-0.0008805315010249615,-0.0009878295240923762
5.340000000000001,0.04042855650186539,0.04130547493696213,-0.0008805315010249615,-0.0009878295240923762
5.340000000000001,0.04042855650186539,0.04130547493696213,-0.0008805315010249615,-0.0009878295240923762
5.340000000000001,0.04042855650186539,0.04130547493696213,-0.0008805315010249615,-0.0009878295240923762
5.340000000000001,0.04042855650186539,0.04130547493696213,-0.0008805315010249615,-0.0009878295240923762
5.340000000000001,0.04042855650186539,0.04130547493696213,-0.0008805315010249615,-0.0009878295240923762
5.340000000000001,0.04033268243074417,0.040246810764074326,-0.000575898215174675,-0.0012637239415198565
5.340000000000001,0.04033268243074417,0.040246810764074326,-0.000575898215174675,-0.0012637239415198565
5.340000000000001,0.04033268243074417,0.040246810764074326,-0.000575898215174675,-0.0012637239415198565
5.340000000000001,0.04033268243074417,0.040246810764074326,-0.000575898215174675,-0.0012637239415198565
5.340000000000001,0.04033268243074417,0.040246810764074326,-0.000575898215174675,-0.0012637239415198565
5.340000000000001,0.04033268243074417,0.040246810764074326,-0.000575898215174675,-0.0012637239415198565
5.340000000000001,0.04033268243074417,0.040246810764074326,-0.000575898215174675,-0.0012637239415198565
5.340000000000001,0.04033268243074417,0.040246810764074326,-0.000575898215174675,-0.0012637239415198565
5.340000000000001,0.04033268243074417,0.040246810764074326,-0.000575898215174675,-0.0012637239415198565
5.340000000000001,0.04033268243074417,0.040246810764074326,-0.000575898215174675,-0.0012637239415198565
5.340000000000001,0.04033268243074417,0.040246810764074326,-0.000575898215174675,-0.0012637239415198565
5.340000000000001,0.04033268243074417,0.040246810764074326,-0.000575898215174675,-0.0012637239415198565
5.340000000000001,0.04033268243074417,0.040246810764074326,-0.000575898215174675,-0.0012637239415198565
5.340000000000001,0.04033268243074417,0.040246810764074326,-0.000575898215174675,-0.0012637239415198565
5.340000000000001,0.04033268243074417,0.040246810764074326,-0.000575898215174675,-0.0012637239415198565
5.340000000000001,0.04033268243074417,0.040246810764074326,-0.000575898215174675,-0.0012637239415198565
5.340000000000001,0.04033268243074417,0.040246810764074326,-0.000575898215174675,-0.0012637239415198565
5.340000000000001,0.04033268243074417,0.040246810764074326,-0.000575898215174675,-0.0012637239415198565
5.340000000000001,0.04033268243074417,0.040246810764074326,-0.000575898215174675,-0.0012637239415198565
5.340000000000001,0.04033268243074417,0.040246810764074326,-0.000575898215174675,-0.0012637239415198565
5.340000000000001,0.04033268243074417,0.040246810764074326,-0.000575898215174675,-0.0012637239415198565
5.340000000000001,0.04033268243074417,0.040246810764074326,-0.000575898215174675,-0.0012637239415198565
5.340000000000001,0.04033268243074417,0.040246810764074326,-0.000575898215174675,-0.0012637239415198565
5.340000000000001,0.04033268243074417,0.040246810764074326,-0.000575898215174675,-0.0012637239415198565
5.340000000000001,0.04033268243074417,0.040246810764074326,-0.000575898215174675,-0.0012637239415198565
5.340000000000001,0.04033268243074417,0.040246810764074326,-0.000575898215174675,-0.0012637239415198565
5.340000000000001,0.04033268243074417,0.040246810764074326,-0.000575898215174675,-0.0012637239415198565
5.340000000000001,0.04033268243074417,0.040246810764074326,-0.000575898215174675,-0.0012637239415198565
5.340000000000001,0.04033268243074417,0.040246810764074326,-0.000575898215174675,-0.0012637239415198565
5.340000000000001,0.04033268243074417,0.040246810764074326,-0.000575898215174675,-0.0012637239415198565
5.340000000000001,0.04033268243074417,0.040246810764074326,-0.000575898215174675,-0.0012637239415198565
5.340000000000001,0.04033268243074417,0.040246810764074326,-0.000575898215174675,-0.0012637239415198565
5.340000000000001,0.04033268243074417,0.040246810764074326,-0.000575898215174675,-0.0012637239415198565
5.340000000000001,0.04033268243074417,0.040246810764074326,-0.000575898215174675,-0.0012637239415198565
5.340000000000001,0.04033268243074417,0.040246810764074326,-0.000575898215174675,-0.0012637239415198565
5.340000000000001,0.04033268243074417,0.040246810764074326,-0.000575898215174675,-0.0012637239415198565
5.340000000000001,0.04033268243074417,0.040246810764074326,-0.000575898215174675,-0.0012637239415198565
5.380000000000001,0.04109276458621025,0.0406823493540287,-0.0013890108093619347,-0.00024718427448533475
5.380000000000001,0.04109276458621025,0.0406823493540287,-0.0013890108093619347,-0.00024718427448533475
5.380000000000001,0.04109276458621025,0.0406823493540287,-0.0013890108093619347,-0.00024718427448533475
5.380000000000001,0.04109276458621025,0.0406823493540287,-0.0013890108093619347,-0.00024718427448533475
5.380000000000001,0.04109276458621025,0.0406823493540287,-0.0013890108093619347,-0.00024718427448533475
5.380000000000001,0.04109276458621025,0.0406823493540287,-0.0013890108093619347,-0.00024718427448533475
5.380000000000001,0.04109276458621025,0.0406823493540287,-0.0013890108093619347,-0.00024718427448533475
5.380000000000001,0.04109276458621025,0.0406823493540287,-0.0013890108093619347,-0.00024718427448533475
5.380000000000001,0.04109276458621025,0.0406823493540287,-0.0013890108093619347,-0.00024718427448533475
5.380000000000001,0.04109276458621025,0.0406823493540287,-0.0013890108093619347,-0.00024718427448533475
5.380000000000001,0.04109276458621025,0.0406823493540287,-0.0013890108093619347,-0.00024718427448533475
5.380000000000001,0.04109276458621025,0.0406823493540287,-0.0013890108093619347,-0.00024718427448533475
5.380000000000001,0.04109276458621025,0.0406823493540287,-0.0013890108093619347,-0.00024718427448533475
5.380000000000001,0.04109276458621025,0.0406823493540287,-0.0013890108093619347,-0.00024718427448533475
5.380000000000001,0.04109276458621025,0.0406823493540287,-0.0013890108093619347,-0.00024718427448533475
5.380000000000001,0.04109276458621025,0.0406823493540287,-0.0013890108093619347,-0.00024718427448533475
5.380000000000001,0.04109276458621025,0.0406823493540287,-0.0013890108093619347,-0.00024718427448533475
5.380000000000001,0.04109276458621025,0.0406823493540287,-0.0013890108093619347,-0.00024718427448533475
5.380000000000001,0.04109276458621025,0.0406823493540287,-0.0013890108093619347,-0.00024718427448533475
5.380000000000001,0.04109276458621025,0.0406823493540287,-0.0013890108093619347,-0.00024718427448533475
5.380000000000001,0.04109276458621025,0.0406823493540287,-0.0013890108093619347,-0.00024718427448533475
5.380000000000001,0.04109276458621025,0.0406823493540287,-0.0013890108093619347,-0.00024718427448533475
5.380000000000001,0.04109276458621025,0.0406823493540287,-0.0013890108093619347,-0.00024718427448533475
5.380000000000001,0.04109276458621025,0.0406823493540287,-0.0013890108093619347,-0.00024718427448533475
5.380000000000001,0.04109276458621025,0.0406823493540287,-0.0013890108093619347,-0.00024718427448533475
5.380000000000001,0.04109276458621025,0.0406823493540287,-0.0013890108093619347,-0.00024718427448533475
5.380000000000001,0.04109276458621025,0.0406823493540287,-0.0013890108093619347,-0.00024718427448533475
5.380000000000001,0.04109276458621025,0.0406823493540287,-0.0013890108093619347,-0.00024718427448533475
5.380000000000001,0.04109276458621025,0.0406823493540287,-0.0013890108093619347,-0.00024718427448533475
5.380000000000001,0.04109276458621025,0.0406823493540287,-0.0013890108093619347,-0.00024718427448533475
5.380000000000001,0.04109276458621025,0.0406823493540287,-0.0013890108093619347,-0.00024718427448533475
5.380000000000001,0.04109276458621025,0.0406823493540287,-0.0013890108093619347,-0.00024718427448533475
5.380000000000001,0.04109276458621025,0.0406823493540287,-0.0013890108093619347,-0.00024718427448533475
5.380000000000001,0.04109276458621025,0.0406823493540287,-0.0013890108093619347,-0.00024718427448533475
5.380000000000001,0.04109276458621025,0.0406823493540287,-0.0013890108093619347,-0.00024718427448533475
5.380000000000001,0.04109276458621025,0.0406823493540287,-0.0013890108093619347,-0.00024718427448533475
5.380000000000001,0.04109276458621025,0.0406823493540287,-0.0013890108093619347,-0.00024718427448533475
5.380000000000001,0.04109276458621025,0.0406823493540287,-0.0013890108093619347,-0.00024718427448533475
5.380000000000001,0.04109276458621025,0.0406823493540287,-0.0013890108093619347,-0.00024718427448533475
5.380000000000001,0.04062170162796974,0.04121306911110878,-0.0003815581148955971,-0.0011413856409490108
5.380000000000001,0.04062170162796974,0.04121306911110878,-0.0003815581148955971,-0.0011413856409490108
5.380000000000001,0.04062170162796974,0.04121306911110878,-0.0003815581148955971,-0.0011413856409490108
5.380000000000001,0.04062170162796974,0.04121306911110878,-0.0003815581148955971,-0.0011413856409490108
5.380000000000001,0.04062170162796974,0.04121306911110878,-0.0003815581148955971,-0.0011413856409490108
5.380000000000001,0.04062170162796974,0.04121306911110878,-0.0003815581148955971,-0.0011413856409490108
5.380000000000001,0.04062170162796974,0.04121306911110878,-0.0003815581148955971,-0.0011413856409490108
5.380000000000001,0.04062170162796974,0.04121306911110878,-0.0003815581148955971,-0.0011413856409490108
5.380000000000001,0.04062170162796974,0.04121306911110878,-0.0003815581148955971,-0.0011413856409490108
5.380000000000001,0.04062170162796974,0.04121306911110878,-0.0003815581148955971,-0.0011413856409490108
5.380000000000001,0.04062170162796974,0.04121306911110878,-0.0003815581148955971,-0.0011413856409490108
5.380000000000001,0.04062170162796974,0.04121306911110878,-0.0003815581148955971,-0.0011413856409490108
5.380000000000001,0.04062170162796974,0.04121306911110878,-0.0003815581148955971,-0.0011413856409490108
5.380000000000001,0.04062170162796974,0.04121306911110878,-0.0003815581148955971,-0.0011413856409490108
5.380000000000001,0.04062170162796974,0.04121306911110878,-0.0003815581148955971,-0.0011413856409490108
5.380000000000001,0.04062170162796974,0.04121306911110878,-0.0003815581148955971,-0.0011413856409490108
5.380000000000001,0.04062170162796974,0.04121306911110878,-0.0003815581148955971,-0.0011413856409490108
5.380000000000001,0.04062170162796974,0.04121306911110878,-0.0003815581148955971,-0.0011413856409490108
5.380000000000001,0.04062170162796974,0.04121306911110878,-0.0003815581148955971,-0.0011413856409490108
5.380000000000001,0.04062170162796974,0.04121306911110878,-0.0003815581148955971,-0.0011413856409490108
5.380000000000001,0.04062170162796974,0.04121306911110878,-0.0003815581148955971,-0.0011413856409490108
5.380000000000001,0.04062170162796974,0.04121306911110878,-0.0003815581148955971,-0.0011413856409490108
5.380000000000001,0.04062170162796974,0.04121306911110878,-0.0003815581148955971,-0.0011413856409490108
5.380000000000001,0.04062170162796974,0.04121306911110878,-0.0003815581148955971,-0.0011413856409490108
5.380000000000001,0.04062170162796974,0.04121306911110878,-0.0003815581148955971,-0.0011413856409490108
5.380000000000001,0.04062170162796974,0.04121306911110878,-0.0003815581148955971,-0.0011413856409490108
5.380000000000001,0.04062170162796974,0.04121306911110878,-0.0003815581148955971,-0.0011413856409490108
5.380000000000001,0.04062170162796974,0.04121306911110878,-0.0003815581148955971,-0.0011413856409490108
5.380000000000001,0.04062170162796974,0.04121306911110878,-0.0003815581148955971,-0.0011413856409490108
5.380000000000001,0.04062170162796974,0.04121306911110878,-0.0003815581148955971,-0.0011413856409490108
5.380000000000001,0.04062170162796974,0.04121306911110878,-0.0003815581148955971,-0.0011413856409490108
5.380000000000001,0.04062170162796974,0.04121306911110878,-0.0003815581148955971,-0.0011413856409490108
5.380000000000001,0.04062170162796974,0.04121306911110878,-0.0003815581148955971,-0.0011413856409490108
5.380000000000001,0.04062170162796974,0.04121306911110878,-0.0003815581148955971,-0.0011413856409490108
5.380000000000001,0.04062170162796974,0.04121306911110878,-0.0003815581148955971,-0.0011413856409490108
5.380000000000001,0.04062170162796974,0.04121306911110878,-0.0003815581148955971,-0.0011413856409490108
5.380000000000001,0.04062170162796974,0.04121306911110878,-0.0003815581148955971,-0.0011413856409490108
5.380000000000001,0.04062170162796974,0.04121306911110878,-0.0003815581148955971,-0.0011413856409490108
5.380000000000001,0.04062170162796974,0.04121306911110878,-0.0003815581148955971,-0.0011413856409490108
5.380000000000001,0.04062170162796974,0.04121306911110878,-0.0003815581148955971,-0.0011413856409490108
5.380000000000001,0.04062170162796974,0.04121306911110878,-0.0003815581148955971,-0.0011413856409490108
5.380000000000001,0.04062170162796974,0.04121306911110878,-0.0003815581148955971,-0.0011413856409490108
5.420000000000001,0.041085150092840195,0.041371699422597885,-0.00021361348626669496,-0.0016912907594814897
5.420000000000001,0.041085150092840195,0.041371699422597885,-0.00021361348626669496,-0.0016912907594814897
5.420000000000001,0.041085150092840195,0.041371699422597885,-0.00021361348626669496,-0.0016912907594814897
5.420000000000001,0.041085150092840195,0.041371699422597885,-0.00021361348626669496,-0.0016912907594814897
5.420000000000001,0.041085150092840195,0.041371699422597885,-0.00021361348626669496,-0.0016912907594814897
5.420000000000001,0.041085150092840195,0.041371699422597885,-0.00021361348626669496,-0.0016912907594814897
5.420000000000001,0.041085150092840195,0.041371699422597885,-0.00021361348626669496,-0.0016912907594814897
5.420000000000001,0.041085150092840195,0.041371699422597885,-0.00021361348626669496,-0.0016912907594814897
5.420000000000001,0.041085150092840195,0.041371699422597885,-0.00021361348626669496,-0.0016912907594814897
5.420000000000001,0.041085150092840195,0.041371699422597885,-0.00021361348626669496,-0.0016912907594814897
5.420000000000001,0.041085150092840195,0.041371699422597885,-0.00021361348626669496,-0.0016912907594814897
5.420000000000001,0.041085150092840195,0.041371699422597885,-0.00021361348626669496,-0.0016912907594814897
5.420000000000001,0.041085150092840195,0.041371699422597885,-0.00021361348626669496,-0.0016912907594814897
5.420000000000001,0.041085150092840195,0.041371699422597885,-0.00021361348626669496,-0.0016912907594814897
5.420000000000001,0.041085150092840195,0.041371699422597885,-0.00021361348626669496,-0.0016912907594814897
5.420000000000001,0.041085150092840195,0.041371699422597885,-0.00021361348626669496,-0.0016912907594814897
5.420000000000001,0.041085150092840195,0.041371699422597885,-0.00021361348626669496,-0.0016912907594814897
5.420000000000001,0.041085150092840195,0.041371699422597885,-0.00021361348626669496,-0.0016912907594814897
5.420000000000001,0.041085150092840195,0.041371699422597885,-0.00021361348626669496,-0.0016912907594814897
5.420000000000001,0.041085150092840195,0.041371699422597885,-0.00021361348626669496,-0.0016912907594814897
5.420000000000001,0.041085150092840195,0.041371699422597885,-0.00021361348626669496,-0.0016912907594814897
5.420000000000001,0.041085150092840195,0.041371699422597885,-0.00021361348626669496,-0.0016912907594814897
5.420000000000001,0.041085150092840195,0.041371699422597885,-0.00021361348626669496,-0.0016912907594814897
5.420000000000001,0.041085150092840195,0.041371699422597885,-0.00021361348626669496,-0.0016912907594814897
5.420000000000001,0.041085150092840195,0.041371699422597885,-0.00021361348626669496,-0.0016912907594814897
5.420000000000001,0.041085150092840195,0.041371699422597885,-0.00021361348626669496,-0.0016912907594814897
5.420000000000001,0.041085150092840195,0.041371699422597885,-0.00021361348626669496,-0.0016912907594814897
5.420000000000001,0.041085150092840195,0.041371699422597885,-0.00021361348626669496,-0.0016912907594814897
5.420000000000001,0.041085150092840195,0.041371699422597885,-0.00021361348626669496,-0.0016912907594814897
5.420000000000001,0.041085150092840195,0.041371699422597885,-0.00021361348626669496,-0.0016912907594814897
5.420000000000001,0.041085150092840195,0.041371699422597885,-0.00021361348626669496,-0.0016912907594814897
5.420000000000001,0.041085150092840195,0.041371699422597885,-0.00021361348626669496,-0.0016912907594814897
5.420000000000001,0.041085150092840195,0.041371699422597885,-0.00021361348626669496,-0.0016912907594814897
5.420000000000001,0.041085150092840195,0.041371699422597885,-0.00021361348626669496,-0.0016912907594814897
5.420000000000001,0.041085150092840195,0.041371699422597885,-0.00021361348626669496,-0.0016912907594814897
5.420000000000001,0.041085150092840195,0.041371699422597885,-0.00021361348626669496,-0.0016912907594814897
5.420000000000001,0.041085150092840195,0.041371699422597885,-0.00021361348626669496,-0.0016912907594814897
5.420000000000001,0.041085150092840195,0.041371699422597885,-0.00021361348626669496,-0.0016912907594814897
5.420000000000001,0.041085150092840195,0.041371699422597885,-0.00021361348626669496,-0.0016912907594814897
5.420000000000001,0.041085150092840195,0.041371699422597885,-0.00021361348626669496,-0.0016912907594814897
5.420000000000001,0.041085150092840195,0.041371699422597885,-0.00021361348626669496,-0.0016912907594814897
5.420000000000001,0.041085150092840195,0.041371699422597885,-0.00021361348626669496,-0.0016912907594814897
5.420000000000001,0.041085150092840195,0.041371699422597885,-0.00021361348626669496,-0.0016912907594814897
5.420000000000001,0.041085150092840195,0.041371699422597885,-0.00021361348626669496,-0.0016912907594814897
5.420000000000001,0.041085150092840195,0.041371699422597885,-0.00021361348626669496,-0.0016912907594814897
5.420000000000001,0.041085150092840195,0.041371699422597885,-0.00021361348626669496,-0.0016912907594814897
5.420000000000001,0.041085150092840195,0.041371699422597885,-0.00021361348626669496,-0.0016912907594814897
5.420000000000001,0.041085150092840195,0.041371699422597885,-0.00021361348626669496,-0.0016912907594814897
5.420000000000001,0.041085150092840195,0.041371699422597885,-0.00021361348626669496,-0.0016912907594814897
5.420000000000001,0.041085150092840195,0.041371699422597885,-0.00021361348626669496,-0.0016912907594814897
5.420000000000001,0.041085150092840195,0.041371699422597885,-0.00021361348626669496,-0.0016912907594814897
5.420000000000001,0.041085150092840195,0.041371699422597885,-0.00021361348626669496,-0.0016912907594814897
5.420000000000001,0.041085150092840195,0.041371699422597885,-0.00021361348626669496,-0.0016912907594814897
5.420000000000001,0.041085150092840195,0.041371699422597885,-0.00021361348626669496,-0.0016912907594814897
5.420000000000001,0.041085150092840195,0.041371699422597885,-0.00021361348626669496,-0.0016912907594814897
5.420000000000001,0.041085150092840195,0.041371699422597885,-0.00021361348626669496,-0.0016912907594814897
5.420000000000001,0.041085150092840195,0.041371699422597885,-0.00021361348626669496,-0.0016912907594814897
5.420000000000001,0.041085150092840195,0.041371699422597885,-0.00021361348626669496,-0.0016912907594814897
5.420000000000001,0.041085150092840195,0.041371699422597885,-0.00021361348626669496,-0.0016912907594814897
5.420000000000001,0.041085150092840195,0.041371699422597885,-0.00021361348626669496,-0.0016912907594814897
5.420000000000001,0.041085150092840195,0.041371699422597885,-0.00021361348626669496,-0.0016912907594814897
5.420000000000001,0.041085150092840195,0.041371699422597885,-0.00021361348626669496,-0.0016912907594814897
5.420000000000001,0.041085150092840195,0.041371699422597885,-0.00021361348626669496,-0.0016912907594814897
5.420000000000001,0.041085150092840195,0.041371699422597885,-0.00021361348626669496,-0.0016912907594814897
5.420000000000001,0.041085150092840195,0.041371699422597885,-0.00021361348626669496,-0.0016912907594814897
5.420000000000001,0.041085150092840195,0.041371699422597885,-0.00021361348626669496,-0.0016912907594814897
5.420000000000001,0.041085150092840195,0.041371699422597885,-0.00021361348626669496,-0.0016912907594814897
5.420000000000001,0.041085150092840195,0.041371699422597885,-0.00021361348626669496,-0.0016912907594814897
5.420000000000001,0.041085150092840195,0.041371699422597885,-0.00021361348626669496,-0.0016912907594814897
5.420000000000001,0.041085150092840195,0.041371699422597885,-0.00021361348626669496,-0.0016912907594814897
5.420000000000001,0.041085150092840195,0.041371699422597885,-0.00021361348626669496,-0.0016912907594814897
5.420000000000001,0.041085150092840195,0.041371699422597885,-0.00021361348626669496,-0.0016912907594814897
5.420000000000001,0.041085150092840195,0.041371699422597885,-0.00021361348626669496,-0.0016912907594814897
5.420000000000001,0.041085150092840195,0.041371699422597885,-0.00021361348626669496,-0.0016912907594814897
5.420000000000001,0.041085150092840195,0.041371699422597885,-0.00021361348626669496,-0.0016912907594814897
5.420000000000001,0.041085150092840195,0.041371699422597885,-0.00021361348626669496,-0.0016912907594814897
5.420000000000001,0.041085150092840195,0.041371699422597885,-0.00021361348626669496,-0.0016912907594814897
5.420000000000001,0.041085150092840195,0.041371699422597885,-0.00021361348626669496,-0.0016912907594814897
5.420000000000001,0.041085150092840195,0.041371699422597885,-0.00021361348626669496,-0.0016912907594814897
5.420000000000001,0.041085150092840195,0.041371699422597885,-0.00021361348626669496,-0.0016912907594814897
5.420000000000001,0.041085150092840195,0.041371699422597885,-0.00021361348626669496,-0.0016912907594814897
5.420000000000001,0.041085150092840195,0.041371699422597885,-0.00021361348626669496,-0.0016912907594814897
5.420000000000001,0.041085150092840195,0.041371699422597885,-0.00021361348626669496,-0.0016912907594814897
5.420000000000001,0.041085150092840195,0.041371699422597885,-0.00021361348626669496,-0.0016912907594814897
5.459999999000001,0.04051722213625908,0.0396418496966362,-0.00031936942832544446,-0.00044076406629756093
5.459999999000001,0.04051722213625908,0.0396418496966362,-0.00031936942832544446,-0.00044076406629756093
5.459999999000001,0.04051722213625908,0.0396418496966362,-0.00031936942832544446,-0.00044076406629756093
5.459999999000001,0.04051722213625908,0.0396418496966362,-0.00031936942832544446,-0.00044076406629756093
5.459999999000001,0.04051722213625908,0.0396418496966362,-0.00031936942832544446,-0.00044076406629756093
5.459999999000001,0.04051722213625908,0.0396418496966362,-0.00031936942832544446,-0.00044076406629756093
5.459999999000001,0.04051722213625908,0.0396418496966362,-0.00031936942832544446,-0.00044076406629756093
5.459999999000001,0.04051722213625908,0.0396418496966362,-0.00031936942832544446,-0.00044076406629756093
5.459999999000001,0.04051722213625908,0.0396418496966362,-0.00031936942832544446,-0.00044076406629756093
5.459999999000001,0.04051722213625908,0.0396418496966362,-0.00031936942832544446,-0.00044076406629756093
5.459999999000001,0.04051722213625908,0.0396418496966362,-0.00031936942832544446,-0.00044076406629756093
5.459999999000001,0.04051722213625908,0.0396418496966362,-0.00031936942832544446,-0.00044076406629756093
5.459999999000001,0.04051722213625908,0.0396418496966362,-0.00031936942832544446,-0.00044076406629756093
5.459999999000001,0.04051722213625908,0.0396418496966362,-0.00031936942832544446,-0.00044076406629756093
5.459999999000001,0.04051722213625908,0.0396418496966362,-0.00031936942832544446,-0.00044076406629756093
5.459999999000001,0.04051722213625908,0.0396418496966362,-0.00031936942832544446,-0.00044076406629756093
5.459999999000001,0.04051722213625908,0.0396418496966362,-0.00031936942832544446,-0.00044076406629756093
5.459999999000001,0.04051722213625908,0.0396418496966362,-0.00031936942832544446,-0.00044076406629756093
5.459999999000001,0.04051722213625908,0.0396418496966362,-0.00031936942832544446,-0.00044076406629756093
5.459999999000001,0.04051722213625908,0.0396418496966362,-0.00031936942832544446,-0.00044076406629756093
5.459999999000001,0.04051722213625908,0.0396418496966362,-0.00031936942832544446,-0.00044076406629756093
5.459999999000001,0.04051722213625908,0.0396418496966362,-0.00031936942832544446,-0.00044076406629756093
5.459999999000001,0.04051722213625908,0.0396418496966362,-0.00031936942832544446,-0.00044076406629756093
5.459999999000001,0.04051722213625908,0.0396418496966362,-0.00031936942832544446,-0.00044076406629756093
5.459999999000001,0.04051722213625908,0.0396418496966362,-0.00031936942832544446,-0.00044076406629756093
5.459999999000001,0.04051722213625908,0.0396418496966362,-0.00031936942832544446,-0.00044076406629756093
5.459999999000001,0.04051722213625908,0.0396418496966362,-0.00031936942832544446,-0.00044076406629756093
5.459999999000001,0.04051722213625908,0.0396418496966362,-0.00031936942832544446,-0.00044076406629756093
5.459999999000001,0.04051722213625908,0.0396418496966362,-0.00031936942832544446,-0.00044076406629756093
5.459999999000001,0.04051722213625908,0.0396418496966362,-0.00031936942832544446,-0.00044076406629756093
5.459999999000001,0.04051722213625908,0.0396418496966362,-0.00031936942832544446,-0.00044076406629756093
5.459999999000001,0.04051722213625908,0.0396418496966362,-0.00031936942832544446,-0.00044076406629756093
5.459999999000001,0.04051722213625908,0.0396418496966362,-0.00031936942832544446,-0.00044076406629756093
5.459999999000001,0.04051722213625908,0.0396418496966362,-0.00031936942832544446,-0.00044076406629756093
5.459999999000001,0.04051722213625908,0.0396418496966362,-0.00031936942832544446,-0.00044076406629756093
5.459999999000001,0.04051722213625908,0.0396418496966362,-0.00031936942832544446,-0.00044076406629756093
5.459999999000001,0.04051722213625908,0.0396418496966362,-0.00031936942832544446,-0.00044076406629756093
5.459999999000001,0.04051722213625908,0.0396418496966362,-0.00031936942832544446,-0.00044076406629756093
5.459999999000001,0.04051722213625908,0.0396418496966362,-0.00031936942832544446,-0.00044076406629756093
5.459999999000001,0.04051722213625908,0.0396418496966362,-0.00031936942832544446,-0.00044076406629756093
5.459999999000001,0.04051722213625908,0.0396418496966362,-0.00031936942832544446,-0.00044076406629756093
5.48,0.041119735687971115,0.04036891087889671,-0.0004828031233046204,-0.0008409680449403822
5.48,0.041119735687971115,0.04036891087889671,-0.0004828031233046204,-0.0008409680449403822
5.48,0.041119735687971115,0.04036891087889671,-0.0004828031233046204,-0.0008409680449403822
5.48,0.041119735687971115,0.04036891087889671,-0.0004828031233046204,-0.0008409680449403822
5.48,0.041119735687971115,0.04036891087889671,-0.0004828031233046204,-0.0008409680449403822
5.48,0.041119735687971115,0.04036891087889671,-0.0004828031233046204,-0.0008409680449403822
5.48,0.041119735687971115,0.04036891087889671,-0.0004828031233046204,-0.0008409680449403822
5.48,0.041119735687971115,0.04036891087889671,-0.0004828031233046204,-0.0008409680449403822
5.48,0.041119735687971115,0.04036891087889671,-0.0004828031233046204,-0.0008409680449403822
5.48,0.041119735687971115,0.04036891087889671,-0.0004828031233046204,-0.0008409680449403822
5.48,0.041119735687971115,0.04036891087889671,-0.0004828031233046204,-0.0008409680449403822
5.48,0.041119735687971115,0.04036891087889671,-0.0004828031233046204,-0.0008409680449403822
5.48,0.041119735687971115,0.04036891087889671,-0.0004828031233046204,-0.0008409680449403822
5.48,0.041119735687971115,0.04036891087889671,-0.0004828031233046204,-0.0008409680449403822
5.48,0.041119735687971115,0.04036891087889671,-0.0004828031233046204,-0.0008409680449403822
5.48,0.041119735687971115,0.04036891087889671,-0.0004828031233046204,-0.0008409680449403822
5.48,0.041119735687971115,0.04036891087889671,-0.0004828031233046204,-0.0008409680449403822
5.48,0.041119735687971115,0.04036891087889671,-0.0004828031233046204,-0.0008409680449403822
5.48,0.041119735687971115,0.04036891087889671,-0.0004828031233046204,-0.0008409680449403822
5.48,0.041119735687971115,0.04036891087889671,-0.0004828031233046204,-0.0008409680449403822
5.48,0.041119735687971115,0.04036891087889671,-0.0004828031233046204,-0.0008409680449403822
5.48,0.041119735687971115,0.04036891087889671,-0.0004828031233046204,-0.0008409680449403822
5.48,0.041119735687971115,0.04036891087889671,-0.0004828031233046204,-0.0008409680449403822
5.48,0.041119735687971115,0.04036891087889671,-0.0004828031233046204,-0.0008409680449403822
5.48,0.041119735687971115,0.04036891087889671,-0.0004828031233046204,-0.0008409680449403822
5.48,0.041119735687971115,0.04036891087889671,-0.0004828031233046204,-0.0008409680449403822
5.48,0.041119735687971115,0.04036891087889671,-0.0004828031233046204,-0.0008409680449403822
5.48,0.041119735687971115,0.04036891087889671,-0.0004828031233046204,-0.0008409680449403822
5.48,0.041119735687971115,0.04036891087889671,-0.0004828031233046204,-0.0008409680449403822
5.48,0.041119735687971115,0.04036891087889671,-0.0004828031233046204,-0.0008409680449403822
5.48,0.041119735687971115,0.04036891087889671,-0.0004828031233046204,-0.0008409680449403822
5.48,0.041119735687971115,0.04036891087889671,-0.0004828031233046204,-0.0008409680449403822
5.48,0.041119735687971115,0.04036891087889671,-0.0004828031233046204,-0.0008409680449403822
5.48,0.041119735687971115,0.04036891087889671,-0.0004828031233046204,-0.0008409680449403822
5.48,0.041119735687971115,0.04036891087889671,-0.0004828031233046204,-0.0008409680449403822
5.48,0.041119735687971115,0.04036891087889671,-0.0004828031233046204,-0.0008409680449403822
5.48,0.041119735687971115,0.04036891087889671,-0.0004828031233046204,-0.0008409680449403822
5.48,0.041119735687971115,0.04036891087889671,-0.0004828031233046204,-0.0008409680449403822
5.48,0.041119735687971115,0.04036891087889671,-0.0004828031233046204,-0.0008409680449403822
5.48,0.041119735687971115,0.04036891087889671,-0.0004828031233046204,-0.0008409680449403822
5.48,0.041119735687971115,0.04036891087889671,-0.0004828031233046204,-0.0008409680449403822
5.48,0.041119735687971115,0.04036891087889671,-0.0004828031233046204,-0.0008409680449403822
5.48,0.041119735687971115,0.04036891087889671,-0.0004828031233046204,-0.0008409680449403822
5.48,0.041119735687971115,0.04036891087889671,-0.0004828031233046204,-0.0008409680449403822
5.48,0.041119735687971115,0.04036891087889671,-0.0004828031233046204,-0.0008409680449403822
5.500000000000001,0.040333956480026245,0.040107931941747665,0.00014476034266408533,-0.0006877674604766071
5.500000000000001,0.040333956480026245,0.040107931941747665,0.00014476034266408533,-0.0006877674604766071
5.500000000000001,0.040333956480026245,0.040107931941747665,0.00014476034266408533,-0.0006877674604766071
5.500000000000001,0.040333956480026245,0.040107931941747665,0.00014476034266408533,-0.0006877674604766071
5.500000000000001,0.040333956480026245,0.040107931941747665,0.00014476034266408533,-0.0006877674604766071
5.500000000000001,0.040333956480026245,0.040107931941747665,0.00014476034266408533,-0.0006877674604766071
5.500000000000001,0.040333956480026245,0.040107931941747665,0.00014476034266408533,-0.0006877674604766071
5.500000000000001,0.040333956480026245,0.040107931941747665,0.00014476034266408533,-0.0006877674604766071
5.500000000000001,0.040333956480026245,0.040107931941747665,0.00014476034266408533,-0.0006877674604766071
5.500000000000001,0.040333956480026245,0.040107931941747665,0.00014476034266408533,-0.0006877674604766071
5.500000000000001,0.040333956480026245,0.040107931941747665,0.00014476034266408533,-0.0006877674604766071
5.500000000000001,0.040333956480026245,0.040107931941747665,0.00014476034266408533,-0.0006877674604766071
5.500000000000001,0.040333956480026245,0.040107931941747665,0.00014476034266408533,-0.0006877674604766071
5.500000000000001,0.040333956480026245,0.040107931941747665,0.00014476034266408533,-0.0006877674604766071
5.500000000000001,0.040333956480026245,0.040107931941747665,0.00014476034266408533,-0.0006877674604766071
5.500000000000001,0.040333956480026245,0.040107931941747665,0.00014476034266408533,-0.0006877674604766071
5.500000000000001,0.040333956480026245,0.040107931941747665,0.00014476034266408533,-0.0006877674604766071
5.500000000000001,0.040333956480026245,0.040107931941747665,0.00014476034266408533,-0.0006877674604766071
5.500000000000001,0.040333956480026245,0.040107931941747665,0.00014476034266408533,-0.0006877674604766071
5.500000000000001,0.040333956480026245,0.040107931941747665,0.00014476034266408533,-0.0006877674604766071
5.500000000000001,0.040333956480026245,0.040107931941747665,0.00014476034266408533,-0.0006877674604766071
5.500000000000001,0.040333956480026245,0.040107931941747665,0.00014476034266408533,-0.0006877674604766071
5.500000000000001,0.040333956480026245,0.040107931941747665,0.00014476034266408533,-0.0006877674604766071
5.500000000000001,0.040333956480026245,0.040107931941747665,0.00014476034266408533,-0.0006877674604766071
5.500000000000001,0.040333956480026245,0.040107931941747665,0.00014476034266408533,-0.0006877674604766071
5.500000000000001,0.040333956480026245,0.040107931941747665,0.00014476034266408533,-0.0006877674604766071
5.500000000000001,0.040333956480026245,0.040107931941747665,0.00014476034266408533,-0.0006877674604766071
5.500000000000001,0.040333956480026245,0.040107931941747665,0.00014476034266408533,-0.0006877674604766071
5.500000000000001,0.040333956480026245,0.040107931941747665,0.00014476034266408533,-0.0006877674604766071
5.500000000000001,0.040333956480026245,0.040107931941747665,0.00014476034266408533,-0.0006877674604766071
5.500000000000001,0.040333956480026245,0.040107931941747665,0.00014476034266408533,-0.0006877674604766071
5.500000000000001,0.040333956480026245,0.040107931941747665,0.00014476034266408533,-0.0006877674604766071
5.500000000000001,0.040333956480026245,0.040107931941747665,0.00014476034266408533,-0.0006877674604766071
5.500000000000001,0.040333956480026245,0.040107931941747665,0.00014476034266408533,-0.0006877674604766071
5.500000000000001,0.040333956480026245,0.040107931941747665,0.00014476034266408533,-0.0006877674604766071
5.500000000000001,0.040333956480026245,0.040107931941747665,0.00014476034266408533,-0.0006877674604766071
5.500000000000001,0.040333956480026245,0.040107931941747665,0.00014476034266408533,-0.0006877674604766071
5.500000000000001,0.040333956480026245,0.040107931941747665,0.00014476034266408533,-0.0006877674604766071
5.500000000000001,0.040333956480026245,0.040107931941747665,0.00014476034266408533,-0.0006877674604766071
5.500000000000001,0.040333956480026245,0.040107931941747665,0.00014476034266408533,-0.0006877674604766071
5.500000000000001,0.040333956480026245,0.040107931941747665,0.00014476034266408533,-0.0006877674604766071
5.500000000000001,0.040333956480026245,0.040107931941747665,0.00014476034266408533,-0.0006877674604766071
5.500000000000001,0.040333956480026245,0.040107931941747665,0.00014476034266408533,-0.0006877674604766071
